bin_index	bin_start	bin_end	positive_cdf_at_upper_edge	cumulative_capacity_gc_at_most_bin	supported_negatives_from_low_tail	cumulative_capacity_gc_at_least_bin	supported_negatives_from_high_tail	supported_negatives_from_low_tail_strict	supported_negatives_from_high_tail_strict
0	0	0.005	0	NA	NA	NA	NA	NA	NA
1	0.005	0.01	0	NA	NA	NA	NA	NA	NA
2	0.01	0.015	0	NA	NA	NA	NA	NA	NA
3	0.015	0.02	0	NA	NA	NA	NA	NA	NA
4	0.02	0.025	0	NA	NA	NA	NA	NA	NA
5	0.025	0.03	0	NA	NA	NA	NA	NA	NA
6	0.03	0.035	0	NA	NA	NA	NA	NA	NA
7	0.035	0.04	0	NA	NA	NA	NA	NA	NA
8	0.04	0.045	0	NA	NA	NA	NA	NA	NA
9	0.045	0.05	0	NA	NA	NA	NA	NA	NA
10	0.05	0.055	0	NA	NA	NA	NA	NA	NA
11	0.055	0.06	0	NA	NA	NA	NA	NA	NA
12	0.06	0.065	0	NA	NA	NA	NA	NA	NA
13	0.065	0.07	0	NA	NA	NA	NA	NA	NA
14	0.07	0.075	0	NA	NA	NA	NA	NA	NA
15	0.075	0.08	0	NA	NA	NA	NA	NA	NA
16	0.08	0.085	0	NA	NA	NA	NA	NA	NA
17	0.085	0.09	0	NA	NA	NA	NA	NA	NA
18	0.09	0.095	0	NA	NA	NA	NA	NA	NA
19	0.095	0.1	0	NA	NA	NA	NA	NA	NA
20	0.1	0.105	0	NA	NA	NA	NA	NA	NA
21	0.105	0.11	0	NA	NA	NA	NA	NA	NA
22	0.11	0.115	0	NA	NA	NA	NA	NA	NA
23	0.115	0.12	0	NA	NA	NA	NA	NA	NA
24	0.12	0.125	0	NA	NA	NA	NA	NA	NA
25	0.125	0.13	0	NA	NA	NA	NA	NA	NA
26	0.13	0.135	0	NA	NA	NA	NA	NA	NA
27	0.135	0.14	0	NA	NA	NA	NA	NA	NA
28	0.14	0.145	0	NA	NA	NA	NA	NA	NA
29	0.145	0.15	0	NA	NA	NA	NA	NA	NA
30	0.15	0.155	0	NA	NA	NA	NA	NA	NA
31	0.155	0.16	0	NA	NA	NA	NA	NA	NA
32	0.16	0.165	0	NA	NA	NA	NA	NA	NA
33	0.165	0.17	0	NA	NA	NA	NA	NA	NA
34	0.17	0.175	0	NA	NA	NA	NA	NA	NA
35	0.175	0.18	0	NA	NA	NA	NA	NA	NA
36	0.18	0.185	0	NA	NA	NA	NA	NA	NA
37	0.185	0.19	0	NA	NA	NA	NA	NA	NA
38	0.19	0.195	0	NA	NA	NA	NA	NA	NA
39	0.195	0.2	0	NA	NA	NA	NA	NA	NA
40	0.2	0.205	0	NA	NA	NA	NA	NA	NA
41	0.205	0.21	0	NA	NA	NA	NA	NA	NA
42	0.21	0.215	0.0002782673221	1151	NA	NA	NA	4136310.333	NA
43	0.215	0.22	0.0002782673221	NA	NA	NA	NA	NA	NA
44	0.22	0.225	0.0004637788702	1664	NA	26936	28663.80447	3587916.8	26943.49749
45	0.225	0.23	0.001020313515	1972	NA	26838	28565.15736	1932739.273	26850.45267
46	0.23	0.235	0.001762359707	2329	NA	26742	28479.84934	1321523.632	26769.31309
47	0.235	0.24	0.003710230962	2711	NA	26585	28335.03886	730682.275	26631.93505
48	0.24	0.245	0.006029125313	3078	NA	26430	28228.44046	510521.8154	26528.42659
49	0.245	0.25	0.009553844727	3497	NA	26247	28102.5894	366030.6505	26406.20633
50	0.25	0.255	0.01660328355	3990	NA	26043	27989.79807	240313.9106	26294.21081
51	0.255	0.26	0.02847602263	4508	NA	25759	27895.91899	158308.6254	26193.90483
52	0.26	0.265	0.04313143493	5009	NA	25495	27969.64274	116133.3957	26242.27563
53	0.265	0.27	0.06335219367	5555	1657123.824	25205	28103.33753	87684.41435	26341.13077
54	0.27	0.275	0.09526017995	6130	173850.5024	24881	28381.97942	64350.0779	26563.88008
55	0.275	0.28	0.1332900473	6767	92331.77285	24534	29043.2621	50768.98191	27117.18823
56	0.28	0.285	0.184305723	7378	59353.66305	24133	29915.33688	40031.31253	27844.37853
57	0.285	0.29	0.239309897	7996	44593.18828	23694	31353.94924	33412.74264	29047.64771
58	0.29	0.295	0.3209349782	8707	33368.4662	23230	33153.02999	27130.10607	30538.05999
59	0.295	0.3	0.3930989704	9335	28024.70385	22615	36530.89612	23747.20033	33303.1437
60	0.3	0.305	0.4702717744	9944	24237.5923	22030	40281.51129	21145.21972	36299.16399
61	0.305	0.31	0.5453111956	10523	21682.99453	21469	45705.15211	19297.23814	40528.32936
62	0.31	0.315	0.6187737687	11094	19854.18898	20932	53034.18736	17929.00824	46035.88168
63	0.315	0.32	0.6828680085	11644	18694.1693	20344	63332.31229	17051.61152	53364.63844
64	0.32	0.325	0.7403765884	12222	17963.58106	19760	76847.69168	16507.81533	62308.44106
65	0.325	0.33	0.791856043	12788	17473.38171	19153	95945.66013	16149.40002	73772.23758
66	0.33	0.335	0.8412021148	13495	17274.65882	18540	125148.5405	16042.51792	89072.96791
67	0.335	0.34	0.8763565532	14132	17311.06334	17834	180509.9367	16125.85648	112306.2815
68	0.34	0.345	0.9030702161	14853	17617.74964	17258	271166.9601	16447.22607	139578.7682
69	0.345	0.35	0.9218996383	15530	18018.33916	16724	452859.4062	16845.65147	172537.267
70	0.35	0.355	0.9394304795	16242	18468.77084	16164	893020.8261	17289.19846	206964.4703
71	0.355	0.36	0.9526017995	16936	18973.7462	15578	27352836.81	17778.67731	257192.0643
72	0.36	0.365	0.9628976904	17513	19396.43903	14935	NA	18187.80975	315096.3503
73	0.365	0.37	0.9697616177	18124	19921.70218	14266	NA	18689.12903	384504.365
74	0.37	0.375	0.9756979872	18787	20516.58982	13593	NA	19254.93364	449528.0153
75	0.375	0.38	0.9812633336	19605	21280.56038	12910	NA	19979.34635	531231.7176
76	0.38	0.385	0.9854373435	20276	21909.64104	12139	NA	20575.63592	647874.0545
77	0.385	0.39	0.9885910398	20899	22506.14006	11524	NA	21140.18756	791339.1338
78	0.39	0.395	0.9916519803	21520	23098.7541	10904	NA	21701.16172	955740.0325
79	0.395	0.4	0.99341434	22138	23717.22723	10225	NA	22284.75985	1224841.389
80	0.4	0.405	0.9948984324	22691	24271.08573	9518	NA	22807.35325	1445261.38
81	0.405	0.41	0.9956404786	23183	24777.6796	8814	NA	23284.50932	1727704.255
82	0.41	0.415	0.9968463037	23676	25272.02158	8153	NA	23750.90314	1870159.426
83	0.415	0.42	0.9977738614	24178	25782.33516	7439	NA	24231.94366	2358819.382
84	0.42	0.425	0.9980521287	24557	26178.71571	6642	NA	24604.92723	2983641.75
85	0.425	0.43	0.9982376403	24914	26554.04018	6008	NA	24957.98495	3084392.762
86	0.43	0.435	0.9983303961	25195	26850.88334	5377	NA	25237.13602	3051023
87	0.435	0.44	0.9983303961	NA	NA	NA	NA	NA	NA
88	0.44	0.445	0.9985159076	25673	27354.89062	4270	NA	25711.15773	2557492.778
89	0.445	0.45	0.9985159076	NA	NA	NA	NA	NA	NA
90	0.45	0.455	0.9988869307	26068	27764.79163	3352	NA	26097.04782	2258619.5
91	0.455	0.46	0.9989796865	26284	27992.08585	2918	NA	26310.84531	2621579.833
92	0.46	0.465	0.9989796865	NA	NA	NA	NA	NA	NA
93	0.465	0.47	0.9989796865	NA	NA	NA	NA	NA	NA
94	0.47	0.475	0.999165198	26655	28381.5883	1899	NA	26677.27024	1861192.636
95	0.475	0.48	0.9993507096	26741	28467.53585	1632	NA	26758.37396	1954954.667
96	0.48	0.485	0.9995362211	26835	28561.96429	1375	NA	26847.45128	2117696.429
97	0.485	0.49	0.9996289769	26902	28630.44953	1203	NA	26911.98497	2593908.6
98	0.49	0.495	0.9997217327	26956	28685.08736	1049	NA	26963.50306	2827317.25
99	0.495	0.5	0.9997217327	NA	NA	NA	NA	NA	NA
100	0.5	0.505	0.9997217327	NA	NA	NA	NA	NA	NA
101	0.505	0.51	0.9997217327	NA	NA	NA	NA	NA	NA
102	0.51	0.515	0.9997217327	NA	NA	NA	NA	NA	NA
103	0.515	0.52	0.9998144885	27110	28846.11839	401	NA	27115.03015	1441060.333
104	0.52	0.525	0.9998144885	NA	NA	NA	NA	NA	NA
105	0.525	0.53	0.9998144885	NA	NA	NA	NA	NA	NA
106	0.53	0.535	0.9999072442	27129	28863.48644	195	NA	27131.5166	1051147.5
107	0.535	0.54	0.9999072442	NA	NA	NA	NA	NA	NA
108	0.54	0.545	1	NA	NA	117	NA	NA	1261377
109	0.545	0.55	1	NA	NA	NA	NA	NA	NA
110	0.55	0.555	1	NA	NA	NA	NA	NA	NA
111	0.555	0.56	1	NA	NA	NA	NA	NA	NA
112	0.56	0.565	1	NA	NA	NA	NA	NA	NA
113	0.565	0.57	1	NA	NA	NA	NA	NA	NA
114	0.57	0.575	1	NA	NA	NA	NA	NA	NA
115	0.575	0.58	1	NA	NA	NA	NA	NA	NA
116	0.58	0.585	1	NA	NA	NA	NA	NA	NA
117	0.585	0.59	1	NA	NA	NA	NA	NA	NA
118	0.59	0.595	1	NA	NA	NA	NA	NA	NA
119	0.595	0.6	1	NA	NA	NA	NA	NA	NA
120	0.6	0.605	1	NA	NA	NA	NA	NA	NA
121	0.605	0.61	1	NA	NA	NA	NA	NA	NA
122	0.61	0.615	1	NA	NA	NA	NA	NA	NA
123	0.615	0.62	1	NA	NA	NA	NA	NA	NA
124	0.62	0.625	1	NA	NA	NA	NA	NA	NA
125	0.625	0.63	1	NA	NA	NA	NA	NA	NA
126	0.63	0.635	1	NA	NA	NA	NA	NA	NA
127	0.635	0.64	1	NA	NA	NA	NA	NA	NA
128	0.64	0.645	1	NA	NA	NA	NA	NA	NA
129	0.645	0.65	1	NA	NA	NA	NA	NA	NA
130	0.65	0.655	1	NA	NA	NA	NA	NA	NA
131	0.655	0.66	1	NA	NA	NA	NA	NA	NA
132	0.66	0.665	1	NA	NA	NA	NA	NA	NA
133	0.665	0.67	1	NA	NA	NA	NA	NA	NA
134	0.67	0.675	1	NA	NA	NA	NA	NA	NA
135	0.675	0.68	1	NA	NA	NA	NA	NA	NA
136	0.68	0.685	1	NA	NA	NA	NA	NA	NA
137	0.685	0.69	1	NA	NA	NA	NA	NA	NA
138	0.69	0.695	1	NA	NA	NA	NA	NA	NA
139	0.695	0.7	1	NA	NA	NA	NA	NA	NA
140	0.7	0.705	1	NA	NA	NA	NA	NA	NA
141	0.705	0.71	1	NA	NA	NA	NA	NA	NA
142	0.71	0.715	1	NA	NA	NA	NA	NA	NA
143	0.715	0.72	1	NA	NA	NA	NA	NA	NA
144	0.72	0.725	1	NA	NA	NA	NA	NA	NA
145	0.725	0.73	1	NA	NA	NA	NA	NA	NA
146	0.73	0.735	1	NA	NA	NA	NA	NA	NA
147	0.735	0.74	1	NA	NA	NA	NA	NA	NA
148	0.74	0.745	1	NA	NA	NA	NA	NA	NA
149	0.745	0.75	1	NA	NA	NA	NA	NA	NA
150	0.75	0.755	1	NA	NA	NA	NA	NA	NA
151	0.755	0.76	1	NA	NA	NA	NA	NA	NA
152	0.76	0.765	1	NA	NA	NA	NA	NA	NA
153	0.765	0.77	1	NA	NA	NA	NA	NA	NA
154	0.77	0.775	1	NA	NA	NA	NA	NA	NA
155	0.775	0.78	1	NA	NA	NA	NA	NA	NA
156	0.78	0.785	1	NA	NA	NA	NA	NA	NA
157	0.785	0.79	1	NA	NA	NA	NA	NA	NA
158	0.79	0.795	1	NA	NA	NA	NA	NA	NA
159	0.795	0.8	1	NA	NA	NA	NA	NA	NA
160	0.8	0.805	1	NA	NA	NA	NA	NA	NA
161	0.805	0.81	1	NA	NA	NA	NA	NA	NA
162	0.81	0.815	1	NA	NA	NA	NA	NA	NA
163	0.815	0.82	1	NA	NA	NA	NA	NA	NA
164	0.82	0.825	1	NA	NA	NA	NA	NA	NA
165	0.825	0.83	1	NA	NA	NA	NA	NA	NA
166	0.83	0.835	1	NA	NA	NA	NA	NA	NA
167	0.835	0.84	1	NA	NA	NA	NA	NA	NA
168	0.84	0.845	1	NA	NA	NA	NA	NA	NA
169	0.845	0.85	1	NA	NA	NA	NA	NA	NA
170	0.85	0.855	1	NA	NA	NA	NA	NA	NA
171	0.855	0.86	1	NA	NA	NA	NA	NA	NA
172	0.86	0.865	1	NA	NA	NA	NA	NA	NA
173	0.865	0.87	1	NA	NA	NA	NA	NA	NA
174	0.87	0.875	1	NA	NA	NA	NA	NA	NA
175	0.875	0.88	1	NA	NA	NA	NA	NA	NA
176	0.88	0.885	1	NA	NA	NA	NA	NA	NA
177	0.885	0.89	1	NA	NA	NA	NA	NA	NA
178	0.89	0.895	1	NA	NA	NA	NA	NA	NA
179	0.895	0.9	1	NA	NA	NA	NA	NA	NA
180	0.9	0.905	1	NA	NA	NA	NA	NA	NA
181	0.905	0.91	1	NA	NA	NA	NA	NA	NA
182	0.91	0.915	1	NA	NA	NA	NA	NA	NA
183	0.915	0.92	1	NA	NA	NA	NA	NA	NA
184	0.92	0.925	1	NA	NA	NA	NA	NA	NA
185	0.925	0.93	1	NA	NA	NA	NA	NA	NA
186	0.93	0.935	1	NA	NA	NA	NA	NA	NA
187	0.935	0.94	1	NA	NA	NA	NA	NA	NA
188	0.94	0.945	1	NA	NA	NA	NA	NA	NA
189	0.945	0.95	1	NA	NA	NA	NA	NA	NA
190	0.95	0.955	1	NA	NA	NA	NA	NA	NA
191	0.955	0.96	1	NA	NA	NA	NA	NA	NA
192	0.96	0.965	1	NA	NA	NA	NA	NA	NA
193	0.965	0.97	1	NA	NA	NA	NA	NA	NA
194	0.97	0.975	1	NA	NA	NA	NA	NA	NA
195	0.975	0.98	1	NA	NA	NA	NA	NA	NA
196	0.98	0.985	1	NA	NA	NA	NA	NA	NA
197	0.985	0.99	1	NA	NA	NA	NA	NA	NA
198	0.99	0.995	1	NA	NA	NA	NA	NA	NA
199	0.995	1	1	NA	NA	NA	NA	NA	NA
