tf	model	seed	train_chromosomes	test_chromosome	checkpoint_epoch	threshold	validation_mcc	test_positives_dropped	epochs_run	training_minutes	auroc	auprc	balanced_accuracy	f1	mcc	precision	recall	specificity
MYC2_ja_2h_chipseq_Yin2023	maa_dna_dap_atac	1	2,3,4,5	1	20	0.2039336860179901	0.8413337548435347	0	28	20.236779554684958	0.9461690844499235	0.9422555187441759	0.8787327021121631	0.8816210451475294	0.7583688827079182	0.8611111111111112	0.9031318281136198	0.8543335761107065
MYC2_ja_2h_chipseq_Yin2023	maa_dna_dap_atac	1	1,3,4,5	2	17	0.37439554929733276	0.848495826448759	2129	25	30.512252493699393	0.9643289489675342	0.963518973152691	0.89751417357174	0.895925597874225	0.7953990656534413	0.9100314889788574	0.8822503270824248	0.9127780200610554
MYC2_ja_2h_chipseq_Yin2023	maa_dna_dap_atac	1	1,2,4,5	3	34	0.7635087966918945	0.8565254787549101	2960	42	52.56784472862879	0.9747129116679885	0.9738824056966799	0.9204776422764227	0.9206188181587623	0.8409606043236431	0.9189873417721519	0.9222560975609756	0.9186991869918699
MYC2_ja_2h_chipseq_Yin2023	maa_dna_dap_atac	1	1,2,3,5	4	16	0.5721689462661743	0.8363778247436778	2710	24	31.69310553073883	0.9709941266602855	0.9701831867441296	0.9136125654450262	0.9160915365056302	0.8286729827092183	0.8905367231638418	0.9431563201196709	0.8840688107703815
MYC2_ja_2h_chipseq_Yin2023	maa_dna_dap_atac	1	1,2,3,4	5	51	0.8497025966644287	0.8736964949716597	4094	59	73.35960801839829	0.976940076963065	0.9783840646167927	0.9212684527063969	0.9215686274509803	0.8425615889095052	0.9180683667932719	0.9250956806998359	0.9174412247129579
MYC3_air_jablock_2h_chipseq_Yin2023	maa_dna_dap_atac	1	2,3,4,5	1	45	0.05914829298853874	0.8888993827287298	0	53	77.67958418925603	0.9870669317700503	0.9874132479519521	0.9406520172910663	0.9419945427339143	0.882249752707002	0.9211568256154243	0.9637968299711815	0.917507204610951
MYC3_air_jablock_2h_chipseq_Yin2023	maa_dna_dap_atac	1	1,3,4,5	2	54	0.5963035225868225	0.8950623816190496	0	62	106.91505895853042	0.9861141078624281	0.9865860617817801	0.9432645631067961	0.9440622195632665	0.8868898787059931	0.9309734513274336	0.9575242718446602	0.929004854368932
MYC3_air_jablock_2h_chipseq_Yin2023	maa_dna_dap_atac	1	1,2,4,5	3	46	0.05624733120203018	0.8903080030078382	0	54	88.68708784580231	0.9849408739184276	0.9853403486506064	0.93033186920449	0.932752325992227	0.8629024366189613	0.9014340997040746	0.9663250366032211	0.8943387018057589
MYC3_air_jablock_2h_chipseq_Yin2023	maa_dna_dap_atac	1	1,2,3,5	4	34	0.20180360972881317	0.8906495042600459	0	42	81.94739158948262	0.9785587990236811	0.9781418224521956	0.9238796807857581	0.9247572815533981	0.8479901132724744	0.9142171565686863	0.9355432780847146	0.9122160834868017
MYC3_air_jablock_2h_chipseq_Yin2023	maa_dna_dap_atac	1	1,2,3,4	5	58	0.05772325024008751	0.8880774124602767	0	66	98.39529118935268	0.9812499877163158	0.9820981439434611	0.9248693834900732	0.927673272306609	0.8523044491917353	0.8942979053529868	0.9636363636363636	0.8861024033437827
