metric	mean	std	min	max
checkpoint_epoch	24.200000	4.816638	19.000000	32.000000
epochs_run	32.200000	4.816638	27.000000	40.000000
training_minutes	53.545329	10.711273	43.749191	68.921761
threshold	0.526949	0.300108	0.193496	0.869877
validation_mcc	0.720576	0.012916	0.699897	0.732431
auroc	0.921594	0.005203	0.916076	0.928141
auprc	0.920281	0.006603	0.913798	0.927810
balanced_accuracy	0.839731	0.008584	0.829640	0.852104
f1	0.840300	0.012838	0.820928	0.856260
mcc	0.680686	0.016503	0.662424	0.705389
precision	0.837025	0.018575	0.813486	0.865173
recall	0.845128	0.039171	0.780989	0.881017
specificity	0.834335	0.028415	0.800926	0.878292
