tf	variant	test_chromosome	comparison_sha256	splits_sha256	evaluation_shifts_sha256
MYC2_ja_2h_chipseq_Yin2023	dna	1	4ef0006737f9cf6da9ca9b69d80935d82bc1d330ad9d8e67b03957e138897e7e	5a3ab0e072098c856680419e92b99936148354d2af42a73f511cb46fae34a974	14a2a6be22014a6948f1863bafbebd568ccf74913209b250a1002be7c739281e
MYC2_ja_2h_chipseq_Yin2023	dna	2	24a1a89329228008987b8bb1c49d824a0e8d4aab90590f81fcbb0aae72767f43	17e018fdf30c84c7b3f5f764d01871c2c9b85e55b63a92c577cece6bc6a7500e	10b21eda9e1b53cb9003109f11a0db1fa70fc1b667af3c2e488fa4cf57021fb8
MYC2_ja_2h_chipseq_Yin2023	dna	3	65e33a8036801193217378b5049251db6b4bc6acadeb701ff2ba2890ead6817c	ab5b22fe99ea2222483d39878cf809f1b01be56d627c99ec124dc6e982bf77d2	342ecb8c5e9c5550f0bc2f1dc61d0ebb0f6c50b18c070a2f6cd8b1803e04b80b
MYC2_ja_2h_chipseq_Yin2023	dna	4	f36be2127f48423b53a6466dc5702c75babb11d583e2179f42d7a46339d64ec6	3e8bd4d5cdfd6c7e684bb5705a7a15f25f3541869f0a255c91fa1bc11ccc253f	4792fefbb1b2d3fb9cbe0e167dc0158cdaabea10ad38a7daa67223e637b5e3d3
MYC2_ja_2h_chipseq_Yin2023	dna	5	22deb5d113ec004d708864f4e47c971ccec0577d618cc7602e843dacb71dc5eb	7fac56dab5eff3e1ed282079585fac7615e8ed2b3338d51091d1a06d7045b1da	e1897d24f388deba7a0acb6ec6b50a1a9401bb4b9bb985eb7a23e092f3bc7ad0
MYC3_air_jablock_2h_chipseq_Yin2023	dna	1	b2a0b109b26ddc49301fa46737d36c4a81eec1912bdc883abb211999167db4aa	36c441655807a817629428e17124c3e612fb51310825222569f19c578244a717	9268f29f774c52abf53d7308a242e0d78f8ed11eff8e5b85fb78ea6fd0d89f13
MYC3_air_jablock_2h_chipseq_Yin2023	dna	2	a7988161701d70afc4d3de272e5df5aedda2b9ec31e4cdea8bf2f3001db33986	14f94027f6fcb5bfae5dcfaffae79f12b7dabeea21dc93e29cdfe73b0371b583	e1efd6a5300ed325c225451caad49fb95e9349eb28252efb977970930ddbba4c
MYC3_air_jablock_2h_chipseq_Yin2023	dna	3	0fd00810df453c5e824bdea233ee5e5db5fd61f6752579fbf83f4279a9d5b97f	de6cdbf14725703d00608941ed724cf188245cdd41184b130c63d3ea151a95a9	27084c8b1a22e242b6d3a06cbdad74568a4ab97212fab25bd31696069320fb1f
MYC3_air_jablock_2h_chipseq_Yin2023	dna	4	b10fb682dcebf0873cf21988d41ef42bfff3a15b36877841e4071756bf19faa2	de6481448992bc64c9b0ecda92dcee2ad380080334421d4853f04bcde5e43f1a	73c3d15419536eac3133603c357e1c561ed8c86707cd50d7467cee342b5abeb7
MYC3_air_jablock_2h_chipseq_Yin2023	dna	5	3172003aa739b2edf1852ad1d492122a2920c489017533da948f91245c2567c8	722efcb9aee73044278f6c0a88528683e92000f9e4a80147395cf586dacbc5f3	5db521a2454bcccf6178c7b3559a727a3b04aa726dc3d67063c0f0fce9f7e216
MYC2_ja_2h_chipseq_Yin2023	dna_c32	1	4ef0006737f9cf6da9ca9b69d80935d82bc1d330ad9d8e67b03957e138897e7e	5a3ab0e072098c856680419e92b99936148354d2af42a73f511cb46fae34a974	14a2a6be22014a6948f1863bafbebd568ccf74913209b250a1002be7c739281e
MYC2_ja_2h_chipseq_Yin2023	dna_c32	2	24a1a89329228008987b8bb1c49d824a0e8d4aab90590f81fcbb0aae72767f43	17e018fdf30c84c7b3f5f764d01871c2c9b85e55b63a92c577cece6bc6a7500e	10b21eda9e1b53cb9003109f11a0db1fa70fc1b667af3c2e488fa4cf57021fb8
MYC2_ja_2h_chipseq_Yin2023	dna_c32	3	65e33a8036801193217378b5049251db6b4bc6acadeb701ff2ba2890ead6817c	ab5b22fe99ea2222483d39878cf809f1b01be56d627c99ec124dc6e982bf77d2	342ecb8c5e9c5550f0bc2f1dc61d0ebb0f6c50b18c070a2f6cd8b1803e04b80b
MYC2_ja_2h_chipseq_Yin2023	dna_c32	4	f36be2127f48423b53a6466dc5702c75babb11d583e2179f42d7a46339d64ec6	3e8bd4d5cdfd6c7e684bb5705a7a15f25f3541869f0a255c91fa1bc11ccc253f	4792fefbb1b2d3fb9cbe0e167dc0158cdaabea10ad38a7daa67223e637b5e3d3
MYC2_ja_2h_chipseq_Yin2023	dna_c32	5	22deb5d113ec004d708864f4e47c971ccec0577d618cc7602e843dacb71dc5eb	7fac56dab5eff3e1ed282079585fac7615e8ed2b3338d51091d1a06d7045b1da	e1897d24f388deba7a0acb6ec6b50a1a9401bb4b9bb985eb7a23e092f3bc7ad0
MYC3_air_jablock_2h_chipseq_Yin2023	dna_c32	1	b2a0b109b26ddc49301fa46737d36c4a81eec1912bdc883abb211999167db4aa	36c441655807a817629428e17124c3e612fb51310825222569f19c578244a717	9268f29f774c52abf53d7308a242e0d78f8ed11eff8e5b85fb78ea6fd0d89f13
MYC3_air_jablock_2h_chipseq_Yin2023	dna_c32	2	a7988161701d70afc4d3de272e5df5aedda2b9ec31e4cdea8bf2f3001db33986	14f94027f6fcb5bfae5dcfaffae79f12b7dabeea21dc93e29cdfe73b0371b583	e1efd6a5300ed325c225451caad49fb95e9349eb28252efb977970930ddbba4c
MYC3_air_jablock_2h_chipseq_Yin2023	dna_c32	3	0fd00810df453c5e824bdea233ee5e5db5fd61f6752579fbf83f4279a9d5b97f	de6cdbf14725703d00608941ed724cf188245cdd41184b130c63d3ea151a95a9	27084c8b1a22e242b6d3a06cbdad74568a4ab97212fab25bd31696069320fb1f
MYC3_air_jablock_2h_chipseq_Yin2023	dna_c32	4	b10fb682dcebf0873cf21988d41ef42bfff3a15b36877841e4071756bf19faa2	de6481448992bc64c9b0ecda92dcee2ad380080334421d4853f04bcde5e43f1a	73c3d15419536eac3133603c357e1c561ed8c86707cd50d7467cee342b5abeb7
MYC3_air_jablock_2h_chipseq_Yin2023	dna_c32	5	3172003aa739b2edf1852ad1d492122a2920c489017533da948f91245c2567c8	722efcb9aee73044278f6c0a88528683e92000f9e4a80147395cf586dacbc5f3	5db521a2454bcccf6178c7b3559a727a3b04aa726dc3d67063c0f0fce9f7e216
MYC2_ja_2h_chipseq_Yin2023	dna_dap	1	4ef0006737f9cf6da9ca9b69d80935d82bc1d330ad9d8e67b03957e138897e7e	5a3ab0e072098c856680419e92b99936148354d2af42a73f511cb46fae34a974	14a2a6be22014a6948f1863bafbebd568ccf74913209b250a1002be7c739281e
MYC2_ja_2h_chipseq_Yin2023	dna_dap	2	24a1a89329228008987b8bb1c49d824a0e8d4aab90590f81fcbb0aae72767f43	17e018fdf30c84c7b3f5f764d01871c2c9b85e55b63a92c577cece6bc6a7500e	10b21eda9e1b53cb9003109f11a0db1fa70fc1b667af3c2e488fa4cf57021fb8
MYC2_ja_2h_chipseq_Yin2023	dna_dap	3	65e33a8036801193217378b5049251db6b4bc6acadeb701ff2ba2890ead6817c	ab5b22fe99ea2222483d39878cf809f1b01be56d627c99ec124dc6e982bf77d2	342ecb8c5e9c5550f0bc2f1dc61d0ebb0f6c50b18c070a2f6cd8b1803e04b80b
MYC2_ja_2h_chipseq_Yin2023	dna_dap	4	f36be2127f48423b53a6466dc5702c75babb11d583e2179f42d7a46339d64ec6	3e8bd4d5cdfd6c7e684bb5705a7a15f25f3541869f0a255c91fa1bc11ccc253f	4792fefbb1b2d3fb9cbe0e167dc0158cdaabea10ad38a7daa67223e637b5e3d3
MYC2_ja_2h_chipseq_Yin2023	dna_dap	5	22deb5d113ec004d708864f4e47c971ccec0577d618cc7602e843dacb71dc5eb	7fac56dab5eff3e1ed282079585fac7615e8ed2b3338d51091d1a06d7045b1da	e1897d24f388deba7a0acb6ec6b50a1a9401bb4b9bb985eb7a23e092f3bc7ad0
MYC3_air_jablock_2h_chipseq_Yin2023	dna_dap	1	b2a0b109b26ddc49301fa46737d36c4a81eec1912bdc883abb211999167db4aa	36c441655807a817629428e17124c3e612fb51310825222569f19c578244a717	9268f29f774c52abf53d7308a242e0d78f8ed11eff8e5b85fb78ea6fd0d89f13
MYC3_air_jablock_2h_chipseq_Yin2023	dna_dap	2	a7988161701d70afc4d3de272e5df5aedda2b9ec31e4cdea8bf2f3001db33986	14f94027f6fcb5bfae5dcfaffae79f12b7dabeea21dc93e29cdfe73b0371b583	e1efd6a5300ed325c225451caad49fb95e9349eb28252efb977970930ddbba4c
MYC3_air_jablock_2h_chipseq_Yin2023	dna_dap	3	0fd00810df453c5e824bdea233ee5e5db5fd61f6752579fbf83f4279a9d5b97f	de6cdbf14725703d00608941ed724cf188245cdd41184b130c63d3ea151a95a9	27084c8b1a22e242b6d3a06cbdad74568a4ab97212fab25bd31696069320fb1f
MYC3_air_jablock_2h_chipseq_Yin2023	dna_dap	4	b10fb682dcebf0873cf21988d41ef42bfff3a15b36877841e4071756bf19faa2	de6481448992bc64c9b0ecda92dcee2ad380080334421d4853f04bcde5e43f1a	73c3d15419536eac3133603c357e1c561ed8c86707cd50d7467cee342b5abeb7
MYC3_air_jablock_2h_chipseq_Yin2023	dna_dap	5	3172003aa739b2edf1852ad1d492122a2920c489017533da948f91245c2567c8	722efcb9aee73044278f6c0a88528683e92000f9e4a80147395cf586dacbc5f3	5db521a2454bcccf6178c7b3559a727a3b04aa726dc3d67063c0f0fce9f7e216
MYC2_ja_2h_chipseq_Yin2023	dna_atac	1	4ef0006737f9cf6da9ca9b69d80935d82bc1d330ad9d8e67b03957e138897e7e	5a3ab0e072098c856680419e92b99936148354d2af42a73f511cb46fae34a974	14a2a6be22014a6948f1863bafbebd568ccf74913209b250a1002be7c739281e
MYC2_ja_2h_chipseq_Yin2023	dna_atac	2	24a1a89329228008987b8bb1c49d824a0e8d4aab90590f81fcbb0aae72767f43	17e018fdf30c84c7b3f5f764d01871c2c9b85e55b63a92c577cece6bc6a7500e	10b21eda9e1b53cb9003109f11a0db1fa70fc1b667af3c2e488fa4cf57021fb8
MYC2_ja_2h_chipseq_Yin2023	dna_atac	3	65e33a8036801193217378b5049251db6b4bc6acadeb701ff2ba2890ead6817c	ab5b22fe99ea2222483d39878cf809f1b01be56d627c99ec124dc6e982bf77d2	342ecb8c5e9c5550f0bc2f1dc61d0ebb0f6c50b18c070a2f6cd8b1803e04b80b
MYC2_ja_2h_chipseq_Yin2023	dna_atac	4	f36be2127f48423b53a6466dc5702c75babb11d583e2179f42d7a46339d64ec6	3e8bd4d5cdfd6c7e684bb5705a7a15f25f3541869f0a255c91fa1bc11ccc253f	4792fefbb1b2d3fb9cbe0e167dc0158cdaabea10ad38a7daa67223e637b5e3d3
MYC2_ja_2h_chipseq_Yin2023	dna_atac	5	22deb5d113ec004d708864f4e47c971ccec0577d618cc7602e843dacb71dc5eb	7fac56dab5eff3e1ed282079585fac7615e8ed2b3338d51091d1a06d7045b1da	e1897d24f388deba7a0acb6ec6b50a1a9401bb4b9bb985eb7a23e092f3bc7ad0
MYC3_air_jablock_2h_chipseq_Yin2023	dna_atac	1	b2a0b109b26ddc49301fa46737d36c4a81eec1912bdc883abb211999167db4aa	36c441655807a817629428e17124c3e612fb51310825222569f19c578244a717	9268f29f774c52abf53d7308a242e0d78f8ed11eff8e5b85fb78ea6fd0d89f13
MYC3_air_jablock_2h_chipseq_Yin2023	dna_atac	2	a7988161701d70afc4d3de272e5df5aedda2b9ec31e4cdea8bf2f3001db33986	14f94027f6fcb5bfae5dcfaffae79f12b7dabeea21dc93e29cdfe73b0371b583	e1efd6a5300ed325c225451caad49fb95e9349eb28252efb977970930ddbba4c
MYC3_air_jablock_2h_chipseq_Yin2023	dna_atac	3	0fd00810df453c5e824bdea233ee5e5db5fd61f6752579fbf83f4279a9d5b97f	de6cdbf14725703d00608941ed724cf188245cdd41184b130c63d3ea151a95a9	27084c8b1a22e242b6d3a06cbdad74568a4ab97212fab25bd31696069320fb1f
MYC3_air_jablock_2h_chipseq_Yin2023	dna_atac	4	b10fb682dcebf0873cf21988d41ef42bfff3a15b36877841e4071756bf19faa2	de6481448992bc64c9b0ecda92dcee2ad380080334421d4853f04bcde5e43f1a	73c3d15419536eac3133603c357e1c561ed8c86707cd50d7467cee342b5abeb7
MYC3_air_jablock_2h_chipseq_Yin2023	dna_atac	5	3172003aa739b2edf1852ad1d492122a2920c489017533da948f91245c2567c8	722efcb9aee73044278f6c0a88528683e92000f9e4a80147395cf586dacbc5f3	5db521a2454bcccf6178c7b3559a727a3b04aa726dc3d67063c0f0fce9f7e216
MYC2_ja_2h_chipseq_Yin2023	dna_dap_atac	1	4ef0006737f9cf6da9ca9b69d80935d82bc1d330ad9d8e67b03957e138897e7e	5a3ab0e072098c856680419e92b99936148354d2af42a73f511cb46fae34a974	14a2a6be22014a6948f1863bafbebd568ccf74913209b250a1002be7c739281e
MYC2_ja_2h_chipseq_Yin2023	dna_dap_atac	2	24a1a89329228008987b8bb1c49d824a0e8d4aab90590f81fcbb0aae72767f43	17e018fdf30c84c7b3f5f764d01871c2c9b85e55b63a92c577cece6bc6a7500e	10b21eda9e1b53cb9003109f11a0db1fa70fc1b667af3c2e488fa4cf57021fb8
MYC2_ja_2h_chipseq_Yin2023	dna_dap_atac	3	65e33a8036801193217378b5049251db6b4bc6acadeb701ff2ba2890ead6817c	ab5b22fe99ea2222483d39878cf809f1b01be56d627c99ec124dc6e982bf77d2	342ecb8c5e9c5550f0bc2f1dc61d0ebb0f6c50b18c070a2f6cd8b1803e04b80b
MYC2_ja_2h_chipseq_Yin2023	dna_dap_atac	4	f36be2127f48423b53a6466dc5702c75babb11d583e2179f42d7a46339d64ec6	3e8bd4d5cdfd6c7e684bb5705a7a15f25f3541869f0a255c91fa1bc11ccc253f	4792fefbb1b2d3fb9cbe0e167dc0158cdaabea10ad38a7daa67223e637b5e3d3
MYC2_ja_2h_chipseq_Yin2023	dna_dap_atac	5	22deb5d113ec004d708864f4e47c971ccec0577d618cc7602e843dacb71dc5eb	7fac56dab5eff3e1ed282079585fac7615e8ed2b3338d51091d1a06d7045b1da	e1897d24f388deba7a0acb6ec6b50a1a9401bb4b9bb985eb7a23e092f3bc7ad0
MYC3_air_jablock_2h_chipseq_Yin2023	dna_dap_atac	1	b2a0b109b26ddc49301fa46737d36c4a81eec1912bdc883abb211999167db4aa	36c441655807a817629428e17124c3e612fb51310825222569f19c578244a717	9268f29f774c52abf53d7308a242e0d78f8ed11eff8e5b85fb78ea6fd0d89f13
MYC3_air_jablock_2h_chipseq_Yin2023	dna_dap_atac	2	a7988161701d70afc4d3de272e5df5aedda2b9ec31e4cdea8bf2f3001db33986	14f94027f6fcb5bfae5dcfaffae79f12b7dabeea21dc93e29cdfe73b0371b583	e1efd6a5300ed325c225451caad49fb95e9349eb28252efb977970930ddbba4c
MYC3_air_jablock_2h_chipseq_Yin2023	dna_dap_atac	3	0fd00810df453c5e824bdea233ee5e5db5fd61f6752579fbf83f4279a9d5b97f	de6cdbf14725703d00608941ed724cf188245cdd41184b130c63d3ea151a95a9	27084c8b1a22e242b6d3a06cbdad74568a4ab97212fab25bd31696069320fb1f
MYC3_air_jablock_2h_chipseq_Yin2023	dna_dap_atac	4	b10fb682dcebf0873cf21988d41ef42bfff3a15b36877841e4071756bf19faa2	de6481448992bc64c9b0ecda92dcee2ad380080334421d4853f04bcde5e43f1a	73c3d15419536eac3133603c357e1c561ed8c86707cd50d7467cee342b5abeb7
MYC3_air_jablock_2h_chipseq_Yin2023	dna_dap_atac	5	3172003aa739b2edf1852ad1d492122a2920c489017533da948f91245c2567c8	722efcb9aee73044278f6c0a88528683e92000f9e4a80147395cf586dacbc5f3	5db521a2454bcccf6178c7b3559a727a3b04aa726dc3d67063c0f0fce9f7e216
MYC2_ja_2h_chipseq_Yin2023	dna_c32_dap	1	4ef0006737f9cf6da9ca9b69d80935d82bc1d330ad9d8e67b03957e138897e7e	5a3ab0e072098c856680419e92b99936148354d2af42a73f511cb46fae34a974	14a2a6be22014a6948f1863bafbebd568ccf74913209b250a1002be7c739281e
MYC2_ja_2h_chipseq_Yin2023	dna_c32_dap	2	24a1a89329228008987b8bb1c49d824a0e8d4aab90590f81fcbb0aae72767f43	17e018fdf30c84c7b3f5f764d01871c2c9b85e55b63a92c577cece6bc6a7500e	10b21eda9e1b53cb9003109f11a0db1fa70fc1b667af3c2e488fa4cf57021fb8
MYC2_ja_2h_chipseq_Yin2023	dna_c32_dap	3	65e33a8036801193217378b5049251db6b4bc6acadeb701ff2ba2890ead6817c	ab5b22fe99ea2222483d39878cf809f1b01be56d627c99ec124dc6e982bf77d2	342ecb8c5e9c5550f0bc2f1dc61d0ebb0f6c50b18c070a2f6cd8b1803e04b80b
MYC2_ja_2h_chipseq_Yin2023	dna_c32_dap	4	f36be2127f48423b53a6466dc5702c75babb11d583e2179f42d7a46339d64ec6	3e8bd4d5cdfd6c7e684bb5705a7a15f25f3541869f0a255c91fa1bc11ccc253f	4792fefbb1b2d3fb9cbe0e167dc0158cdaabea10ad38a7daa67223e637b5e3d3
MYC2_ja_2h_chipseq_Yin2023	dna_c32_dap	5	22deb5d113ec004d708864f4e47c971ccec0577d618cc7602e843dacb71dc5eb	7fac56dab5eff3e1ed282079585fac7615e8ed2b3338d51091d1a06d7045b1da	e1897d24f388deba7a0acb6ec6b50a1a9401bb4b9bb985eb7a23e092f3bc7ad0
MYC3_air_jablock_2h_chipseq_Yin2023	dna_c32_dap	1	b2a0b109b26ddc49301fa46737d36c4a81eec1912bdc883abb211999167db4aa	36c441655807a817629428e17124c3e612fb51310825222569f19c578244a717	9268f29f774c52abf53d7308a242e0d78f8ed11eff8e5b85fb78ea6fd0d89f13
MYC3_air_jablock_2h_chipseq_Yin2023	dna_c32_dap	2	a7988161701d70afc4d3de272e5df5aedda2b9ec31e4cdea8bf2f3001db33986	14f94027f6fcb5bfae5dcfaffae79f12b7dabeea21dc93e29cdfe73b0371b583	e1efd6a5300ed325c225451caad49fb95e9349eb28252efb977970930ddbba4c
MYC3_air_jablock_2h_chipseq_Yin2023	dna_c32_dap	3	0fd00810df453c5e824bdea233ee5e5db5fd61f6752579fbf83f4279a9d5b97f	de6cdbf14725703d00608941ed724cf188245cdd41184b130c63d3ea151a95a9	27084c8b1a22e242b6d3a06cbdad74568a4ab97212fab25bd31696069320fb1f
MYC3_air_jablock_2h_chipseq_Yin2023	dna_c32_dap	4	b10fb682dcebf0873cf21988d41ef42bfff3a15b36877841e4071756bf19faa2	de6481448992bc64c9b0ecda92dcee2ad380080334421d4853f04bcde5e43f1a	73c3d15419536eac3133603c357e1c561ed8c86707cd50d7467cee342b5abeb7
MYC3_air_jablock_2h_chipseq_Yin2023	dna_c32_dap	5	3172003aa739b2edf1852ad1d492122a2920c489017533da948f91245c2567c8	722efcb9aee73044278f6c0a88528683e92000f9e4a80147395cf586dacbc5f3	5db521a2454bcccf6178c7b3559a727a3b04aa726dc3d67063c0f0fce9f7e216
MYC2_ja_2h_chipseq_Yin2023	dna_c32_atac	1	4ef0006737f9cf6da9ca9b69d80935d82bc1d330ad9d8e67b03957e138897e7e	5a3ab0e072098c856680419e92b99936148354d2af42a73f511cb46fae34a974	14a2a6be22014a6948f1863bafbebd568ccf74913209b250a1002be7c739281e
MYC2_ja_2h_chipseq_Yin2023	dna_c32_atac	2	24a1a89329228008987b8bb1c49d824a0e8d4aab90590f81fcbb0aae72767f43	17e018fdf30c84c7b3f5f764d01871c2c9b85e55b63a92c577cece6bc6a7500e	10b21eda9e1b53cb9003109f11a0db1fa70fc1b667af3c2e488fa4cf57021fb8
MYC2_ja_2h_chipseq_Yin2023	dna_c32_atac	3	65e33a8036801193217378b5049251db6b4bc6acadeb701ff2ba2890ead6817c	ab5b22fe99ea2222483d39878cf809f1b01be56d627c99ec124dc6e982bf77d2	342ecb8c5e9c5550f0bc2f1dc61d0ebb0f6c50b18c070a2f6cd8b1803e04b80b
MYC2_ja_2h_chipseq_Yin2023	dna_c32_atac	4	f36be2127f48423b53a6466dc5702c75babb11d583e2179f42d7a46339d64ec6	3e8bd4d5cdfd6c7e684bb5705a7a15f25f3541869f0a255c91fa1bc11ccc253f	4792fefbb1b2d3fb9cbe0e167dc0158cdaabea10ad38a7daa67223e637b5e3d3
MYC2_ja_2h_chipseq_Yin2023	dna_c32_atac	5	22deb5d113ec004d708864f4e47c971ccec0577d618cc7602e843dacb71dc5eb	7fac56dab5eff3e1ed282079585fac7615e8ed2b3338d51091d1a06d7045b1da	e1897d24f388deba7a0acb6ec6b50a1a9401bb4b9bb985eb7a23e092f3bc7ad0
MYC3_air_jablock_2h_chipseq_Yin2023	dna_c32_atac	1	b2a0b109b26ddc49301fa46737d36c4a81eec1912bdc883abb211999167db4aa	36c441655807a817629428e17124c3e612fb51310825222569f19c578244a717	9268f29f774c52abf53d7308a242e0d78f8ed11eff8e5b85fb78ea6fd0d89f13
MYC3_air_jablock_2h_chipseq_Yin2023	dna_c32_atac	2	a7988161701d70afc4d3de272e5df5aedda2b9ec31e4cdea8bf2f3001db33986	14f94027f6fcb5bfae5dcfaffae79f12b7dabeea21dc93e29cdfe73b0371b583	e1efd6a5300ed325c225451caad49fb95e9349eb28252efb977970930ddbba4c
MYC3_air_jablock_2h_chipseq_Yin2023	dna_c32_atac	3	0fd00810df453c5e824bdea233ee5e5db5fd61f6752579fbf83f4279a9d5b97f	de6cdbf14725703d00608941ed724cf188245cdd41184b130c63d3ea151a95a9	27084c8b1a22e242b6d3a06cbdad74568a4ab97212fab25bd31696069320fb1f
MYC3_air_jablock_2h_chipseq_Yin2023	dna_c32_atac	4	b10fb682dcebf0873cf21988d41ef42bfff3a15b36877841e4071756bf19faa2	de6481448992bc64c9b0ecda92dcee2ad380080334421d4853f04bcde5e43f1a	73c3d15419536eac3133603c357e1c561ed8c86707cd50d7467cee342b5abeb7
MYC3_air_jablock_2h_chipseq_Yin2023	dna_c32_atac	5	3172003aa739b2edf1852ad1d492122a2920c489017533da948f91245c2567c8	722efcb9aee73044278f6c0a88528683e92000f9e4a80147395cf586dacbc5f3	5db521a2454bcccf6178c7b3559a727a3b04aa726dc3d67063c0f0fce9f7e216
