tf	effect	order	metric	folds	contexts_per_fold	effect_mean	effect_std	effect_min	effect_max
MYC2_ja_2h_chipseq_Yin2023	c32	1	auroc	5	3	0.0028111123094270328	0.0049367754328489746	-0.0031356204695177268	0.010592802932849588
MYC2_ja_2h_chipseq_Yin2023	c32	1	auprc	5	3	0.002448899245370928	0.004588649061397566	-0.004118611125576062	0.00871120570431072
MYC2_ja_2h_chipseq_Yin2023	c32	1	mcc	5	3	0.008491267536551739	0.010631749685506722	-0.006799234860536907	0.0205096758197848
MYC2_ja_2h_chipseq_Yin2023	c32	1	balanced_accuracy	5	3	0.005030593910064633	0.00647390358482245	-0.003810975609756073	0.012715033657442013
MYC2_ja_2h_chipseq_Yin2023	c32	1	f1	5	3	0.0026041651210089315	0.004082659716887855	-0.0025808268242323664	0.007684555817549417
MYC2_ja_2h_chipseq_Yin2023	c32	1	precision	5	3	0.01878227434623411	0.024032988368743714	-0.009327365907530952	0.04926588764645745
MYC2_ja_2h_chipseq_Yin2023	c32	1	recall	5	3	-0.015136646561315562	0.02458756379849859	-0.04768134903328972	0.013449866472444763
MYC2_ja_2h_chipseq_Yin2023	c32	1	specificity	5	3	0.025197834381444822	0.034916389302455705	-0.012703252032520318	0.0674516644861171
MYC3_air_jablock_2h_chipseq_Yin2023	c32	1	auroc	5	3	-0.0008149182513968198	0.0014019877092753237	-0.0028351926026668104	0.0004894883445866564
MYC3_air_jablock_2h_chipseq_Yin2023	c32	1	auprc	5	3	-0.0006870296230666299	0.0018765145470453519	-0.0026901829186123383	0.0015348623319503263
MYC3_air_jablock_2h_chipseq_Yin2023	c32	1	mcc	5	3	-0.007271226476735422	0.004121879304887384	-0.0131441199204159	-0.001996047774896925
MYC3_air_jablock_2h_chipseq_Yin2023	c32	1	balanced_accuracy	5	3	-0.0038583980400487493	0.0022420078424742577	-0.007110701862083106	-0.0009305955811719224
MYC3_air_jablock_2h_chipseq_Yin2023	c32	1	f1	5	3	-0.0034524742797896225	0.002324758721865716	-0.0061419954591125	-0.0009805799430722129
MYC3_air_jablock_2h_chipseq_Yin2023	c32	1	precision	5	3	-0.0054125298153592976	0.010077324746278114	-0.018086913044174462	0.004877494831327859
MYC3_air_jablock_2h_chipseq_Yin2023	c32	1	recall	5	3	-0.0010183327194511463	0.011823961274442539	-0.014158576051779947	0.01692789968652042
MYC3_air_jablock_2h_chipseq_Yin2023	c32	1	specificity	5	3	-0.006698463360646368	0.012633117006434946	-0.022918843608498756	0.006270226537216872
MYC2_ja_2h_chipseq_Yin2023	dap	1	auroc	5	3	-0.0012521998283661516	0.01265687106130674	-0.023675504434975087	0.006511916463084688
MYC2_ja_2h_chipseq_Yin2023	dap	1	auprc	5	3	-0.0022844248276179114	0.01702754008405952	-0.03266177257623145	0.007020940611542126
MYC2_ja_2h_chipseq_Yin2023	dap	1	mcc	5	3	0.00286428398086207	0.015335288575697862	-0.022854984850639488	0.014359319158322595
MYC2_ja_2h_chipseq_Yin2023	dap	1	balanced_accuracy	5	3	0.0012110080215494167	0.007758074596556842	-0.01211459092012627	0.007016584654638207
MYC2_ja_2h_chipseq_Yin2023	dap	1	f1	5	3	0.0026321688774448475	0.007365747356936029	-0.00849129496354073	0.009767012328683081
MYC2_ja_2h_chipseq_Yin2023	dap	1	precision	5	3	-0.006547155779198362	0.015411084425039039	-0.030938344505130666	0.010726467244460358
MYC2_ja_2h_chipseq_Yin2023	dap	1	recall	5	3	0.012286518197436765	0.015826908814197065	-0.01422764227642274	0.028492513446721917
MYC2_ja_2h_chipseq_Yin2023	dap	1	specificity	5	3	-0.009864502154337955	0.020971392739784718	-0.03981548919640695	0.017445799457994626
MYC3_air_jablock_2h_chipseq_Yin2023	dap	1	auroc	5	3	0.0034379392500679673	0.00214959612372292	0.0008369855987369427	0.006422732713944519
MYC3_air_jablock_2h_chipseq_Yin2023	dap	1	auprc	5	3	0.0038597181098047884	0.0024522183411074734	0.0006448111934686714	0.007354611067778498
MYC3_air_jablock_2h_chipseq_Yin2023	dap	1	mcc	5	3	0.008572121779869449	0.004600103272485426	0.0037073466011473175	0.013699794777174165
MYC3_air_jablock_2h_chipseq_Yin2023	dap	1	balanced_accuracy	5	3	0.004363808762776089	0.0021772770393792933	0.0019212295869356726	0.006583072100313503
MYC3_air_jablock_2h_chipseq_Yin2023	dap	1	f1	5	3	0.004468330408012156	0.002329258667777153	0.002259411194807659	0.007488563306887926
MYC3_air_jablock_2h_chipseq_Yin2023	dap	1	precision	5	3	0.0029743803302432277	0.004357438354552403	-0.0015478448744133215	0.009515772669531334
MYC3_air_jablock_2h_chipseq_Yin2023	dap	1	recall	5	3	0.005792427181181307	0.0066194954614483955	-0.003887865766318832	0.014280738418669467
MYC3_air_jablock_2h_chipseq_Yin2023	dap	1	specificity	5	3	0.0029351903443708416	0.006256471692878342	-0.002224919093851104	0.012993656640065465
MYC2_ja_2h_chipseq_Yin2023	atac	1	auroc	5	3	0.056637951917660155	0.057496370047355264	0.028061387653660657	0.15943205301423224
MYC2_ja_2h_chipseq_Yin2023	atac	1	auprc	5	3	0.06984765241790564	0.08439989173547219	0.026616405174333207	0.22071179985233114
MYC2_ja_2h_chipseq_Yin2023	atac	1	mcc	5	3	0.13326969502219882	0.06983519666276593	0.09368120391190604	0.25781325553110573
MYC2_ja_2h_chipseq_Yin2023	atac	1	balanced_accuracy	5	3	0.0691448739058854	0.03670718320408125	0.047899403983137155	0.13459577567370717
MYC2_ja_2h_chipseq_Yin2023	atac	1	f1	5	3	0.06123337456826078	0.02844563001955958	0.04645875589322227	0.11197656160551535
MYC2_ja_2h_chipseq_Yin2023	atac	1	precision	5	3	0.0884079389668382	0.05215062789795694	0.050369347269531205	0.17808116720530906
MYC2_ja_2h_chipseq_Yin2023	atac	1	recall	5	3	0.028421551644351332	0.0165261513084231	-3.700743415417188e-17	0.040267480738479446
MYC2_ja_2h_chipseq_Yin2023	atac	1	specificity	5	3	0.1098681961674195	0.0736877109478615	0.05553132722779475	0.2369992716678806
MYC3_air_jablock_2h_chipseq_Yin2023	atac	1	auroc	5	3	0.021517550515304174	0.004711272388282564	0.018270313317526043	0.029773881939053243
MYC3_air_jablock_2h_chipseq_Yin2023	atac	1	auprc	5	3	0.023538998064918357	0.004312637558367281	0.020791844352035	0.031096926715946844
MYC3_air_jablock_2h_chipseq_Yin2023	atac	1	mcc	5	3	0.0750314084009412	0.015755792063249674	0.06406577074092501	0.10261824381484586
MYC3_air_jablock_2h_chipseq_Yin2023	atac	1	balanced_accuracy	5	3	0.03757156644753437	0.007789026895438004	0.032126048700634326	0.05116684082201325
MYC3_air_jablock_2h_chipseq_Yin2023	atac	1	f1	5	3	0.03730868950120572	0.008556575627902763	0.030732948974209345	0.05230551264119646
MYC3_air_jablock_2h_chipseq_Yin2023	atac	1	precision	5	3	0.03651771460695403	0.007872533584087568	0.024522425903723777	0.04547558626574685
MYC3_air_jablock_2h_chipseq_Yin2023	atac	1	recall	5	3	0.03795116712142593	0.01674614083784594	0.023914104441190798	0.06499477533960292
MYC3_air_jablock_2h_chipseq_Yin2023	atac	1	specificity	5	3	0.03719196577364278	0.009298178966913498	0.023114793467819417	0.04912965674312675
MYC2_ja_2h_chipseq_Yin2023	c32:dap	2	auroc	5	1	0.021903644903968657	0.05000202236505705	-0.0056998882890648694	0.11071153220814045
MYC2_ja_2h_chipseq_Yin2023	c32:dap	2	auprc	5	1	0.027768495879441434	0.06085429539656444	-0.003211232865933833	0.1361096353963377
MYC2_ja_2h_chipseq_Yin2023	c32:dap	2	mcc	5	1	0.015480225022018512	0.06586884147766897	-0.04966454551576416	0.12221176038709503
MYC2_ja_2h_chipseq_Yin2023	c32:dap	2	balanced_accuracy	5	1	0.009543032884834601	0.03942988929289323	-0.02815746309458722	0.07407137654770568
MYC2_ja_2h_chipseq_Yin2023	c32:dap	2	f1	5	1	0.006958432027194816	0.022662878781368943	-0.018012004849600194	0.04132238865254345
MYC2_ja_2h_chipseq_Yin2023	c32:dap	2	precision	5	1	-0.0014837045537954064	0.07039791948233709	-0.06708930513811384	0.11102085302947151
MYC2_ja_2h_chipseq_Yin2023	c32:dap	2	recall	5	1	0.011022081106980264	0.04592430702906493	-0.058703568827385366	0.05640243902439024
MYC2_ja_2h_chipseq_Yin2023	c32:dap	2	specificity	5	1	0.008063984662689028	0.12103765315109742	-0.09458720612356486	0.20684632192279684
MYC3_air_jablock_2h_chipseq_Yin2023	c32:dap	2	auroc	5	1	-0.0006136100597927463	0.001045438628885208	-0.0021185280481523794	0.0005903593277929442
MYC3_air_jablock_2h_chipseq_Yin2023	c32:dap	2	auprc	5	1	-0.0007351674945844211	0.0012070188045701512	-0.002260833643133897	0.0006102706632462596
MYC3_air_jablock_2h_chipseq_Yin2023	c32:dap	2	mcc	5	1	-0.003021944500039142	0.0049970062787858946	-0.010300571893245847	0.0019793699467325343
MYC3_air_jablock_2h_chipseq_Yin2023	c32:dap	2	balanced_accuracy	5	1	-0.0013834969893740333	0.002280187331461857	-0.004270375793069658	0.0009208103130755596
MYC3_air_jablock_2h_chipseq_Yin2023	c32:dap	2	f1	5	1	-2.1107658482799608e-05	0.005667383349543905	-0.0069351458942136235	0.007731816665556668
MYC3_air_jablock_2h_chipseq_Yin2023	c32:dap	2	precision	5	1	-0.011404268029611964	0.030423455424689994	-0.054846285892046875	0.01623251061815434
MYC3_air_jablock_2h_chipseq_Yin2023	c32:dap	2	recall	5	1	0.011081499692743479	0.04210763559839132	-0.03196681307955096	0.07038834951456308
MYC3_air_jablock_2h_chipseq_Yin2023	c32:dap	2	specificity	5	1	-0.013848493671491635	0.0395823182806898	-0.0685679611650486	0.023426061493411532
MYC2_ja_2h_chipseq_Yin2023	c32:atac	2	auroc	5	1	0.008915735793278933	0.021247833761374478	-0.00623153907296925	0.045452592369010225
MYC2_ja_2h_chipseq_Yin2023	c32:atac	2	auprc	5	1	0.012789686378941335	0.028519323027805372	-0.005344471759131553	0.062168956865027325
MYC2_ja_2h_chipseq_Yin2023	c32:atac	2	mcc	5	1	0.002430750175709351	0.03883255844338645	-0.03827251948198185	0.05237895271422066
MYC2_ja_2h_chipseq_Yin2023	c32:atac	2	balanced_accuracy	5	1	0.0017406898387727133	0.024014238577942763	-0.021869874248223065	0.03437727603787322
MYC2_ja_2h_chipseq_Yin2023	c32:atac	2	f1	5	1	0.0014136699148741716	0.013157227403531549	-0.01314066842572803	0.013553060103796866
MYC2_ja_2h_chipseq_Yin2023	c32:atac	2	precision	5	1	-0.0029537431399385915	0.05451567810897544	-0.058188487863103266	0.0692446283259176
MYC2_ja_2h_chipseq_Yin2023	c32:atac	2	recall	5	1	0.004343533523659215	0.04144719403281405	-0.06088856518572483	0.04263275991024673
MYC2_ja_2h_chipseq_Yin2023	c32:atac	2	specificity	5	1	-0.0008621538461137668	0.0885031391874702	-0.08526551982049357	0.12964311726147126
MYC3_air_jablock_2h_chipseq_Yin2023	c32:atac	2	auroc	5	1	-0.002002880125724471	0.005130405861817716	-0.009284507587876467	0.0042264172369024244
MYC3_air_jablock_2h_chipseq_Yin2023	c32:atac	2	auprc	5	1	-0.0028249332458660124	0.006393071531274091	-0.010972817440172533	0.005118816033307105
MYC3_air_jablock_2h_chipseq_Yin2023	c32:atac	2	mcc	5	1	-0.005399038985172888	0.016259634294149148	-0.031740073543881864	0.008437407131770103
MYC3_air_jablock_2h_chipseq_Yin2023	c32:atac	2	balanced_accuracy	5	1	-0.0028654735928762554	0.008728913770237736	-0.01718845917740952	0.0037823328452905036
MYC3_air_jablock_2h_chipseq_Yin2023	c32:atac	2	f1	5	1	-0.0022957581523266103	0.007911486037824638	-0.014502484169809038	0.005144685993302867
MYC3_air_jablock_2h_chipseq_Yin2023	c32:atac	2	precision	5	1	-0.005898466725102569	0.03134270468329837	-0.03891790671635209	0.043211511881281583
MYC3_air_jablock_2h_chipseq_Yin2023	c32:atac	2	recall	5	1	0.0016186302659184416	0.03131936494836965	-0.04587603709126398	0.030946601941747587
MYC3_air_jablock_2h_chipseq_Yin2023	c32:atac	2	specificity	5	1	-0.007349577451670974	0.03877541374144172	-0.046961325966850986	0.05344070278184487
MYC2_ja_2h_chipseq_Yin2023	dap:atac	2	auroc	5	1	0.00404931547800238	0.028440150976140065	-0.012594757746900553	0.05433815935142894
MYC2_ja_2h_chipseq_Yin2023	dap:atac	2	auprc	5	1	0.008276571939152011	0.0413144046912207	-0.013637931022882577	0.08185703767598784
MYC2_ja_2h_chipseq_Yin2023	dap:atac	2	mcc	5	1	-0.02471638139677914	0.033391921799421236	-0.05973986777256446	0.030166587604638417
MYC2_ja_2h_chipseq_Yin2023	dap:atac	2	balanced_accuracy	5	1	-0.01074200424151699	0.02009030665730231	-0.030344450519409483	0.02180549498473605
MYC2_ja_2h_chipseq_Yin2023	dap:atac	2	f1	5	1	-0.01356049085110369	0.013143894031895972	-0.027913283960943946	0.007948349100694863
MYC2_ja_2h_chipseq_Yin2023	dap:atac	2	precision	5	1	-0.004141994592140241	0.05726547990788361	-0.04896821860079059	0.09499455898401965
MYC2_ja_2h_chipseq_Yin2023	dap:atac	2	recall	5	1	-0.026607182769092196	0.04198501453592519	-0.09289140863497591	0.02286585365853666
MYC2_ja_2h_chipseq_Yin2023	dap:atac	2	specificity	5	1	0.005123174286058285	0.07793591451474316	-0.06859756097560965	0.13650239860444835
MYC3_air_jablock_2h_chipseq_Yin2023	dap:atac	2	auroc	5	1	-0.0024954219908925436	0.003641021385298193	-0.007140990435405503	0.0023021145636955564
MYC3_air_jablock_2h_chipseq_Yin2023	dap:atac	2	auprc	5	1	-0.003750029592872672	0.0037829448568428266	-0.008028762915156307	0.0022411213214644787
MYC3_air_jablock_2h_chipseq_Yin2023	dap:atac	2	mcc	5	1	-0.008403629084989728	0.011426309084829785	-0.01947589535329386	0.00823676122386341
MYC3_air_jablock_2h_chipseq_Yin2023	dap:atac	2	balanced_accuracy	5	1	-0.004389212673875242	0.00604917005810278	-0.010742786985881048	0.004412824207492894
MYC3_air_jablock_2h_chipseq_Yin2023	dap:atac	2	f1	5	1	-0.0037541077907695896	0.005389155297862082	-0.010898869701729597	0.002146952192274232
MYC3_air_jablock_2h_chipseq_Yin2023	dap:atac	2	precision	5	1	-0.00739736980805703	0.026302920235296838	-0.03875170330028166	0.02871708197984979
MYC3_air_jablock_2h_chipseq_Yin2023	dap:atac	2	recall	5	1	0.000274273650234802	0.02724392020511323	-0.03025866276232314	0.027931246163290346
MYC3_air_jablock_2h_chipseq_Yin2023	dap:atac	2	specificity	5	1	-0.00905269899798542	0.03289155167575538	-0.04941682013505233	0.03386167146974073
