tf	variant	test_chromosome	status	detail
MYC2_ja_2h_chipseq_Yin2023	dna	1	ok	
MYC2_ja_2h_chipseq_Yin2023	dna	2	ok	
MYC2_ja_2h_chipseq_Yin2023	dna	3	ok	
MYC2_ja_2h_chipseq_Yin2023	dna	4	ok	
MYC2_ja_2h_chipseq_Yin2023	dna	5	ok	
MYC3_air_jablock_2h_chipseq_Yin2023	dna	1	ok	
MYC3_air_jablock_2h_chipseq_Yin2023	dna	2	ok	
MYC3_air_jablock_2h_chipseq_Yin2023	dna	3	ok	
MYC3_air_jablock_2h_chipseq_Yin2023	dna	4	ok	
MYC3_air_jablock_2h_chipseq_Yin2023	dna	5	ok	
MYC2_ja_2h_chipseq_Yin2023	dna_c32	1	ok	
MYC2_ja_2h_chipseq_Yin2023	dna_c32	2	ok	
MYC2_ja_2h_chipseq_Yin2023	dna_c32	3	ok	
MYC2_ja_2h_chipseq_Yin2023	dna_c32	4	ok	
MYC2_ja_2h_chipseq_Yin2023	dna_c32	5	ok	
MYC3_air_jablock_2h_chipseq_Yin2023	dna_c32	1	ok	
MYC3_air_jablock_2h_chipseq_Yin2023	dna_c32	2	ok	
MYC3_air_jablock_2h_chipseq_Yin2023	dna_c32	3	ok	
MYC3_air_jablock_2h_chipseq_Yin2023	dna_c32	4	ok	
MYC3_air_jablock_2h_chipseq_Yin2023	dna_c32	5	ok	
MYC2_ja_2h_chipseq_Yin2023	dna_dap	1	ok	
MYC2_ja_2h_chipseq_Yin2023	dna_dap	2	ok	
MYC2_ja_2h_chipseq_Yin2023	dna_dap	3	ok	
MYC2_ja_2h_chipseq_Yin2023	dna_dap	4	ok	
MYC2_ja_2h_chipseq_Yin2023	dna_dap	5	ok	
MYC3_air_jablock_2h_chipseq_Yin2023	dna_dap	1	ok	
MYC3_air_jablock_2h_chipseq_Yin2023	dna_dap	2	ok	
MYC3_air_jablock_2h_chipseq_Yin2023	dna_dap	3	ok	
MYC3_air_jablock_2h_chipseq_Yin2023	dna_dap	4	ok	
MYC3_air_jablock_2h_chipseq_Yin2023	dna_dap	5	ok	
MYC2_ja_2h_chipseq_Yin2023	dna_atac	1	ok	
MYC2_ja_2h_chipseq_Yin2023	dna_atac	2	ok	
MYC2_ja_2h_chipseq_Yin2023	dna_atac	3	ok	
MYC2_ja_2h_chipseq_Yin2023	dna_atac	4	ok	
MYC2_ja_2h_chipseq_Yin2023	dna_atac	5	ok	
MYC3_air_jablock_2h_chipseq_Yin2023	dna_atac	1	ok	
MYC3_air_jablock_2h_chipseq_Yin2023	dna_atac	2	ok	
MYC3_air_jablock_2h_chipseq_Yin2023	dna_atac	3	ok	
MYC3_air_jablock_2h_chipseq_Yin2023	dna_atac	4	ok	
MYC3_air_jablock_2h_chipseq_Yin2023	dna_atac	5	ok	
MYC2_ja_2h_chipseq_Yin2023	dna_dap_atac	1	ok	
MYC2_ja_2h_chipseq_Yin2023	dna_dap_atac	2	ok	
MYC2_ja_2h_chipseq_Yin2023	dna_dap_atac	3	ok	
MYC2_ja_2h_chipseq_Yin2023	dna_dap_atac	4	ok	
MYC2_ja_2h_chipseq_Yin2023	dna_dap_atac	5	ok	
MYC3_air_jablock_2h_chipseq_Yin2023	dna_dap_atac	1	ok	
MYC3_air_jablock_2h_chipseq_Yin2023	dna_dap_atac	2	ok	
MYC3_air_jablock_2h_chipseq_Yin2023	dna_dap_atac	3	ok	
MYC3_air_jablock_2h_chipseq_Yin2023	dna_dap_atac	4	ok	
MYC3_air_jablock_2h_chipseq_Yin2023	dna_dap_atac	5	ok	
MYC2_ja_2h_chipseq_Yin2023	dna_c32_dap	1	ok	
MYC2_ja_2h_chipseq_Yin2023	dna_c32_dap	2	ok	
MYC2_ja_2h_chipseq_Yin2023	dna_c32_dap	3	ok	
MYC2_ja_2h_chipseq_Yin2023	dna_c32_dap	4	ok	
MYC2_ja_2h_chipseq_Yin2023	dna_c32_dap	5	ok	
MYC3_air_jablock_2h_chipseq_Yin2023	dna_c32_dap	1	ok	
MYC3_air_jablock_2h_chipseq_Yin2023	dna_c32_dap	2	ok	
MYC3_air_jablock_2h_chipseq_Yin2023	dna_c32_dap	3	ok	
MYC3_air_jablock_2h_chipseq_Yin2023	dna_c32_dap	4	ok	
MYC3_air_jablock_2h_chipseq_Yin2023	dna_c32_dap	5	ok	
MYC2_ja_2h_chipseq_Yin2023	dna_c32_atac	1	ok	
MYC2_ja_2h_chipseq_Yin2023	dna_c32_atac	2	ok	
MYC2_ja_2h_chipseq_Yin2023	dna_c32_atac	3	ok	
MYC2_ja_2h_chipseq_Yin2023	dna_c32_atac	4	ok	
MYC2_ja_2h_chipseq_Yin2023	dna_c32_atac	5	ok	
MYC3_air_jablock_2h_chipseq_Yin2023	dna_c32_atac	1	ok	
MYC3_air_jablock_2h_chipseq_Yin2023	dna_c32_atac	2	ok	
MYC3_air_jablock_2h_chipseq_Yin2023	dna_c32_atac	3	ok	
MYC3_air_jablock_2h_chipseq_Yin2023	dna_c32_atac	4	ok	
MYC3_air_jablock_2h_chipseq_Yin2023	dna_c32_atac	5	ok	
