tf	variant	seed	channel_increase	dap	atac	input_mode	train_chromosomes	test_chromosome	input_channels	test_positives_dropped	checkpoint_epoch	epochs_run	training_minutes	threshold	validation_mcc	auroc	auprc	mcc	balanced_accuracy	f1	precision	recall	specificity
MYC2_ja_2h_chipseq_Yin2023	dna	1	0	0	0	dna	2,3,4,5	1	4	0	24	32	21.718187419573464	0.6940339803695679	0.6951678306446415	0.8372313512762257	0.7887672089435044	0.5606774760445233	0.7788055353241078	0.7897833460233958	0.7524399894486943	0.8310269482884195	0.7265841223597961
MYC2_ja_2h_chipseq_Yin2023	dna	1	0	0	0	dna	1,3,4,5	2	4	2129	32	40	48.697303064664204	0.29747694730758667	0.7867140947668337	0.9354411851690682	0.9306523588085662	0.7189471463881266	0.8593545573484518	0.8611410118406889	0.8503401360544217	0.8722197993894462	0.8464893153074575
MYC2_ja_2h_chipseq_Yin2023	dna	1	0	0	0	dna	1,2,4,5	3	4	2960	27	35	43.551265172163646	0.7094715237617493	0.7859858612662507	0.9421876807373257	0.9406137961226957	0.7266501747620582	0.8592479674796748	0.8690307328605201	0.812555260831123	0.9339430894308943	0.7845528455284553
MYC2_ja_2h_chipseq_Yin2023	dna	1	0	0	0	dna	1,2,3,5	4	4	2710	18	26	33.11891854604085	0.23367919027805328	0.7637350542426836	0.9392375902692429	0.9389369615908266	0.7049177853720215	0.8481675392670156	0.8591256072172103	0.801294498381877	0.9259536275243081	0.7703814510097232
MYC2_ja_2h_chipseq_Yin2023	dna	1	0	0	0	dna	1,2,3,4	5	4	4094	30	38	49.26406500339508	0.785875678062439	0.7671317359643157	0.9337482710513235	0.9339162872965607	0.6944838837948389	0.8439037725533078	0.8540015341344924	0.8021133525456292	0.9130672498633133	0.7747402952433023
MYC3_air_jablock_2h_chipseq_Yin2023	dna	1	0	0	0	dna	2,3,4,5	1	4	0	15	23	32.850490220387776	0.830044150352478	0.7922581472035785	0.965701925312892	0.9612455244373848	0.8105660661500937	0.9052593659942363	0.9047446577327055	0.909686817188638	0.8998559077809798	0.9106628242074928
MYC3_air_jablock_2h_chipseq_Yin2023	dna	1	0	0	0	dna	1,3,4,5	2	4	0	22	30	50.134194624423984	0.27865108847618103	0.8065384118796833	0.9643355398423508	0.9612889763267294	0.8067661073952338	0.9030643203883495	0.9049531459170014	0.8876568427195798	0.9229368932038835	0.8831917475728155
MYC3_air_jablock_2h_chipseq_Yin2023	dna	1	0	0	0	dna	1,2,4,5	3	4	0	20	28	45.65073262453079	0.6584264039993286	0.8036825043819686	0.9622629841694492	0.9610758008067264	0.7924374142286652	0.8961688628599317	0.8969858370657305	0.8899831852029786	0.904099560761347	0.8882381649585164
MYC3_air_jablock_2h_chipseq_Yin2023	dna	1	0	0	0	dna	1,2,3,5	4	4	0	27	35	56.90971166292827	0.09583958983421326	0.8224877050347286	0.954161800710797	0.9530252759853943	0.7712425629931362	0.8844383057090239	0.8887904297740363	0.856532877882152	0.923572744014733	0.8453038674033149
MYC3_air_jablock_2h_chipseq_Yin2023	dna	1	0	0	0	dna	1,2,3,4	5	4	0	19	27	42.02770340045293	0.23820099234580994	0.8198155652191593	0.947575746656927	0.9471966624915158	0.7531878487878316	0.8765935214211076	0.8765031893757189	0.8771452490581834	0.8758620689655172	0.877324973876698
MYC2_ja_2h_chipseq_Yin2023	dna_c32	1	32	0	0	dna	2,3,4,5	1	4	0	21	29	20.14559749364853	0.2554070055484772	0.7020824363385598	0.7957694460166918	0.7313855505606934	0.5115244860790992	0.7457392571012382	0.7766903345487111	0.692404197080292	0.884340859431901	0.6071376547705754
MYC2_ja_2h_chipseq_Yin2023	dna_c32	1	32	0	0	dna	1,3,4,5	2	4	2129	17	25	29.93548903067907	0.33599424362182617	0.7616565159732033	0.9388535121491697	0.9350539276204152	0.7216685330459226	0.8602267771478412	0.856052099708062	0.8824074074074074	0.8312254688181422	0.8892280854775403
MYC2_ja_2h_chipseq_Yin2023	dna_c32	1	32	0	0	dna	1,2,4,5	3	4	2960	12	20	26.00866704384486	0.6265777349472046	0.7854658381468438	0.9328271655429969	0.9287120953206067	0.7116122189420382	0.853150406504065	0.8615900383141762	0.8147644927536232	0.9141260162601627	0.7921747967479674
MYC2_ja_2h_chipseq_Yin2023	dna_c32	1	32	0	0	dna	1,2,3,5	4	4	2710	28	36	47.048056010405226	0.5606507062911987	0.7637054032350927	0.9436939217451188	0.9441501870092063	0.7457402117312192	0.8728496634255796	0.8735119047619048	0.8689859363434493	0.8780852655198205	0.8676140613313388
MYC2_ja_2h_chipseq_Yin2023	dna_c32	1	32	0	0	dna	1,2,3,4	5	4	4094	20	28	34.71496973435084	0.878986656665802	0.7581377445340028	0.9393919601009314	0.9382323780474487	0.7277357289165017	0.8638600328048114	0.8643051771117166	0.8614883215643672	0.8671405139420448	0.8605795516675779
MYC3_air_jablock_2h_chipseq_Yin2023	dna_c32	1	32	0	0	dna	2,3,4,5	1	4	0	24	32	48.80325569709142	0.6626094579696655	0.7999753385496324	0.9677910937928229	0.9648175636100417	0.8135889398267209	0.9067903458213257	0.9065800162469537	0.9086303600506604	0.9045389048991355	0.9090417867435159
MYC3_air_jablock_2h_chipseq_Yin2023	dna_c32	1	32	0	0	dna	1,3,4,5	2	4	0	35	43	74.34107866287232	0.974155604839325	0.8070749302154979	0.9660362626955887	0.9649560926771423	0.7985399331378698	0.8988167475728155	0.8963480963480963	0.9187639375597324	0.875	0.9226334951456311
MYC3_air_jablock_2h_chipseq_Yin2023	dna_c32	1	32	0	0	dna	1,2,4,5	3	4	0	16	24	37.29048436880112	0.3825446665287018	0.7939478923228069	0.9604189190122621	0.9583930706966738	0.7854923321954084	0.8920204978038067	0.8952042628774423	0.8695652173913043	0.9224011713030746	0.8616398243045388
MYC3_air_jablock_2h_chipseq_Yin2023	dna_c32	1	32	0	0	dna	1,2,3,5	4	4	0	27	35	58.06862450043361	0.29154545068740845	0.8187667551012693	0.9548080825552515	0.9541193200990741	0.7683840737590234	0.8827501534683855	0.8876140041188585	0.8522598870056497	0.9260282381829343	0.8394720687538367
MYC3_air_jablock_2h_chipseq_Yin2023	dna_c32	1	32	0	0	dna	1,2,3,4	5	4	0	14	22	33.87264119784037	0.7566770911216736	0.8092606468815855	0.9452698643553687	0.9440445460835697	0.7458735607276145	0.8729362591431558	0.8728299518929095	0.873560812225246	0.8721003134796238	0.8737722048066876
MYC2_ja_2h_chipseq_Yin2023	dna_dap	1	0	1	0	dna-dap	2,3,4,5	1	5	0	45	53	36.909453479448956	0.27908095717430115	0.7294916189477303	0.7585392829880608	0.6834498786764978	0.5055203552586252	0.7445739257101238	0.7732005432322318	0.6952779716213073	0.8707938820101967	0.6183539694100509
MYC2_ja_2h_chipseq_Yin2023	dna_dap	1	0	1	0	dna-dap	1,3,4,5	2	5	2129	16	24	29.27464106082916	0.3918650448322296	0.7760853901681924	0.9389608754454531	0.9360828213174072	0.7173089187341739	0.8539031836022678	0.8648648648648649	0.8045028142589118	0.9350196249454863	0.7727867422590493
MYC2_ja_2h_chipseq_Yin2023	dna_dap	1	0	1	0	dna-dap	1,2,4,5	3	5	2960	27	35	43.08466928005218	0.8188895583152771	0.7936373606450076	0.9458998963084143	0.9469793002221473	0.7357449680418988	0.8673780487804879	0.8707280832095097	0.8492753623188406	0.8932926829268293	0.8414634146341463
MYC2_ja_2h_chipseq_Yin2023	dna_dap	1	0	1	0	dna-dap	1,2,3,5	4	5	2710	22	30	39.54560608466466	0.7195286750793457	0.775880177444458	0.9496260004508916	0.9503977908273781	0.7315058974731777	0.8612565445026178	0.8713146028442594	0.8124191461836999	0.9394166043380703	0.7830964846671653
MYC2_ja_2h_chipseq_Yin2023	dna_dap	1	0	1	0	dna-dap	1,2,3,4	5	5	4094	29	37	45.71838336785634	0.3223061263561249	0.7877296107899039	0.9453040901985836	0.9444795845496448	0.7453113407159377	0.8704209950792783	0.8771384136858476	0.8339083292262198	0.9250956806998359	0.8157463094587206
MYC3_air_jablock_2h_chipseq_Yin2023	dna_dap	1	0	1	0	dna-dap	2,3,4,5	1	5	0	35	43	61.53570660352707	0.09591234475374222	0.8195358654171305	0.9664777154064479	0.9618969064047432	0.8133497774209534	0.9066102305475504	0.9074355083459787	0.8994868164926562	0.9155259365994236	0.8976945244956772
MYC3_air_jablock_2h_chipseq_Yin2023	dna_dap	1	0	1	0	dna-dap	1,3,4,5	2	5	0	29	37	59.98425443569819	0.14916226267814636	0.8309791485893948	0.9665411590394947	0.9657803904192148	0.8116869799253429	0.9057949029126213	0.9050603883198288	0.9121725731895224	0.8980582524271845	0.9135315533980582
MYC3_air_jablock_2h_chipseq_Yin2023	dna_dap	1	0	1	0	dna-dap	1,2,4,5	3	5	0	28	36	66.06571301619212	0.09359678626060486	0.8413964274112476	0.9675005436593599	0.9669484360346593	0.8151266015747453	0.9070278184480234	0.9093504639543183	0.8871866295264624	0.9326500732064422	0.8814055636896047
MYC3_air_jablock_2h_chipseq_Yin2023	dna_dap	1	0	1	0	dna-dap	1,2,3,5	4	5	0	33	41	73.15977250734964	0.5422002077102661	0.8268535960673647	0.9611926594441372	0.9602459125604109	0.7852766182771949	0.8922651933701657	0.8945629318113547	0.8758823529411764	0.9140577041129527	0.8704726826273788
MYC3_air_jablock_2h_chipseq_Yin2023	dna_dap	1	0	1	0	dna-dap	1,2,3,4	5	5	0	22	30	44.84066073099772	0.9492512345314026	0.8242249948072059	0.9546973354777917	0.9557345136568415	0.7706632538977862	0.8852664576802507	0.8842016452225269	0.8924845646157121	0.8760710553814002	0.8944618599791013
MYC2_ja_2h_chipseq_Yin2023	dna_atac	1	0	0	1	dna-atac	2,3,4,5	1	5	0	11	19	13.287407755851746	0.6584483981132507	0.8307182401467135	0.9633998203836449	0.9614703439488305	0.8094661981979951	0.9045156591405681	0.90292484265087	0.918222891566265	0.8881281864530226	0.9209031318281137
MYC2_ja_2h_chipseq_Yin2023	dna_atac	1	0	0	1	dna-atac	1,3,4,5	2	5	2129	14	22	26.590757044156394	0.2755260169506073	0.8350580230602712	0.9663008580124686	0.9665796610982156	0.7948885543144895	0.8953336240732666	0.9004562422231439	0.8584420719652036	0.9467945922372438	0.8438726559092892
MYC2_ja_2h_chipseq_Yin2023	dna_atac	1	0	0	1	dna-atac	1,2,4,5	3	5	2960	38	46	56.99884372154872	0.9333752393722534	0.8587456666025525	0.9742903736201997	0.97362648436807	0.8404471544715447	0.9202235772357723	0.9202235772357723	0.9202235772357723	0.9202235772357723	0.9202235772357723
MYC2_ja_2h_chipseq_Yin2023	dna_atac	1	0	0	1	dna-atac	1,2,3,5	4	5	2710	26	34	43.0418881893158	0.7809867262840271	0.8530626741432623	0.9719613620509194	0.9708114867056419	0.8285274408166712	0.9132385938668661	0.9161849710982659	0.8860936408106219	0.9483919222139118	0.8780852655198205
MYC2_ja_2h_chipseq_Yin2023	dna_atac	1	0	0	1	dna-atac	1,2,3,4	5	5	4094	38	46	58.4325918118159	0.2955232560634613	0.8664513734490994	0.9734750052387854	0.9745264682007684	0.8358383123736451	0.9168944778567523	0.9197041732699419	0.8896269800715381	0.9518862766539092	0.8819026790595954
MYC3_air_jablock_2h_chipseq_Yin2023	dna_atac	1	0	0	1	dna-atac	2,3,4,5	1	5	0	34	42	60.034143618742625	0.864021897315979	0.8835649891426995	0.9840983712284797	0.9844977654683524	0.8773150319771436	0.9384005763688761	0.9394368691340534	0.923894113549286	0.9555115273775217	0.9212896253602305
MYC3_air_jablock_2h_chipseq_Yin2023	dna_atac	1	0	0	1	dna-atac	1,3,4,5	2	5	0	23	31	54.89130628506343	0.6998118162155151	0.8863879555425218	0.9844669583313695	0.985286357725898	0.8774544851576006	0.9387135922330097	0.9384709107523607	0.9422018348623853	0.9347694174757282	0.9426577669902912
MYC3_air_jablock_2h_chipseq_Yin2023	dna_atac	1	0	0	1	dna-atac	1,2,4,5	3	5	0	19	27	42.76036159594854	0.3233872950077057	0.8710492455334189	0.9839349552365293	0.9845640865403842	0.869582705469161	0.9344802342606149	0.9356963237935576	0.9186456618857277	0.9533918984870668	0.915568570034163
MYC3_air_jablock_2h_chipseq_Yin2023	dna_atac	1	0	0	1	dna-atac	1,2,3,5	4	5	0	35	43	71.39611926873525	0.06776804476976395	0.8906495042600459	0.9797861692670562	0.9801633111872827	0.8519753141163827	0.9258747697974218	0.9267182521620392	0.9162916291629163	0.9373848987108656	0.914364640883978
MYC3_air_jablock_2h_chipseq_Yin2023	dna_atac	1	0	0	1	dna-atac	1,2,3,4	5	5	0	39	47	70.53306599060694	0.8736281394958496	0.8785559307944973	0.9768364653998639	0.9779739808483229	0.856033951622983	0.9280041797283176	0.9282814614343707	0.9247200331812526	0.9318704284221525	0.9241379310344827
MYC2_ja_2h_chipseq_Yin2023	dna_dap_atac	1	0	1	1	dna-dap-atac	2,3,4,5	1	6	0	19	27	19.69313428401947	0.4221718907356262	0.8546464340954597	0.939045911446909	0.9380100513578117	0.729003724830778	0.8625637290604515	0.8692941746900326	0.8287110406761754	0.9140568099053168	0.8110706482155863
MYC2_ja_2h_chipseq_Yin2023	dna_dap_atac	1	0	1	1	dna-dap-atac	1,3,4,5	2	6	2129	24	32	39.25345091422399	0.6892545819282532	0.8604599112372712	0.9685248663474358	0.9682843152921337	0.8234169142651752	0.9116877453118186	0.9121284443480148	0.9075993091537133	0.9167030091583079	0.9066724814653293
MYC2_ja_2h_chipseq_Yin2023	dna_dap_atac	1	0	1	1	dna-dap-atac	1,2,4,5	3	6	2960	15	23	28.55816634496053	0.5925236344337463	0.8435742301773219	0.9674729616960803	0.966354057444639	0.8109906863144085	0.9054878048780488	0.9051987767584098	0.9079754601226994	0.9024390243902439	0.9085365853658537
MYC2_ja_2h_chipseq_Yin2023	dna_dap_atac	1	0	1	1	dna-dap-atac	1,2,3,5	4	6	2710	26	34	43.873948617776236	0.6620842814445496	0.8610707533258004	0.9726782574546773	0.9718424278798787	0.8249635401201535	0.9117427075542259	0.9143064633260711	0.8884968242766408	0.9416604338070307	0.8818249813014211
MYC2_ja_2h_chipseq_Yin2023	dna_dap_atac	1	0	1	1	dna-dap-atac	1,2,3,4	5	6	4094	28	36	44.006175152460735	0.1249280720949173	0.8653911745190119	0.972436066639145	0.9724092148737447	0.8269259015221795	0.9130672498633132	0.9149277688603531	0.8957569408067051	0.9349371241115364	0.8911973756150902
MYC3_air_jablock_2h_chipseq_Yin2023	dna_dap_atac	1	0	1	1	dna-dap-atac	2,3,4,5	1	6	0	41	49	72.57925919691722	0.2522636353969574	0.8964339760961463	0.9871762758857311	0.9873902687571754	0.8883355044718666	0.9441642651296831	0.9442746719396009	0.9424111948331539	0.9461455331412104	0.9421829971181557
MYC3_air_jablock_2h_chipseq_Yin2023	dna_dap_atac	1	0	1	1	dna-dap-atac	1,3,4,5	2	6	0	42	50	83.95399309794108	0.38887882232666016	0.8863766255118372	0.9862454637571874	0.9863827383913152	0.8789781981879609	0.9394720873786409	0.939204632028036	0.943373125191307	0.9350728155339806	0.943871359223301
MYC3_air_jablock_2h_chipseq_Yin2023	dna_dap_atac	1	0	1	1	dna-dap-atac	1,2,4,5	3	6	0	37	45	70.19494257370631	0.24032999575138092	0.8934437235809858	0.9846483220635667	0.9850292397806016	0.8727959974619472	0.9361883845778428	0.9371620809804158	0.9230769230769231	0.9516837481698389	0.9206930209858467
MYC3_air_jablock_2h_chipseq_Yin2023	dna_dap_atac	1	0	1	1	dna-dap-atac	1,2,3,5	4	6	0	37	45	74.3276202003161	0.1585238128900528	0.8941106705075872	0.9796760375649909	0.979355184847143	0.8477485017973587	0.9229588704726825	0.9254086181277861	0.896889400921659	0.9558011049723757	0.8901166359729895
MYC3_air_jablock_2h_chipseq_Yin2023	dna_dap_atac	1	0	1	1	dna-dap-atac	1,2,3,4	5	6	0	50	58	89.65654461781183	0.7446059584617615	0.8930180378425314	0.9812711265721752	0.9823518410577607	0.8643883725402509	0.9321839080459771	0.9324169530355098	0.9292237442922374	0.9356321839080459	0.9287356321839081
MYC2_ja_2h_chipseq_Yin2023	dna_c32_dap	1	32	1	0	dna-dap	2,3,4,5	1	5	0	28	36	26.815685419241586	0.8450236320495605	0.7175726499472589	0.8277889099366673	0.7621778556900245	0.578579125680296	0.7855790240349599	0.8014299204100904	0.7462630322823766	0.8654042243262928	0.705753823743627
MYC2_ja_2h_chipseq_Yin2023	dna_c32_dap	1	32	1	0	dna-dap	1,3,4,5	2	5	2129	17	25	30.46726110378901	0.10939589142799377	0.777564913511865	0.9390710916194055	0.9383854247603145	0.7361008216648376	0.8678587003924989	0.8699570815450643	0.8563582594000845	0.8839947666812037	0.8517226341037941
MYC2_ja_2h_chipseq_Yin2023	dna_c32_dap	1	32	1	0	dna-dap	1,2,4,5	3	5	2960	28	36	45.76818507909775	0.31560757756233215	0.7880581246547032	0.9463060388988036	0.9460104194685166	0.7354647945817946	0.8645833333333334	0.8728833770569998	0.8224719101123595	0.9298780487804879	0.7992886178861789
MYC2_ja_2h_chipseq_Yin2023	dna_c32_dap	1	32	1	0	dna-dap	1,2,3,5	4	5	2710	34	42	54.76000705560048	0.1284138709306717	0.7767370095833205	0.9521243655489663	0.9527212384330443	0.7463539354383536	0.8713537771129394	0.8774055595153243	0.8379850238257318	0.9207180254300673	0.8219895287958116
MYC2_ja_2h_chipseq_Yin2023	dna_c32_dap	1	32	1	0	dna-dap	1,2,3,4	5	5	4094	23	31	39.10247077147166	0.8373498320579529	0.7723541292921163	0.9452478909591266	0.9455844424345989	0.7288986403218364	0.8622197922361946	0.8694300518134715	0.8261939931068439	0.9174412247129579	0.8069983597594313
MYC3_air_jablock_2h_chipseq_Yin2023	dna_c32_dap	1	32	1	0	dna-dap	2,3,4,5	1	5	0	30	38	56.12397957642873	0.9805986881256104	0.813504945234837	0.9664483558382264	0.9632081119342663	0.8109067958645801	0.9054394812680115	0.905829596412556	0.9021078956770275	0.9095821325648416	0.9012968299711815
MYC3_air_jablock_2h_chipseq_Yin2023	dna_c32_dap	1	32	1	0	dna-dap	1,3,4,5	2	5	0	36	44	73.00446009635925	0.1775803416967392	0.8177681367302282	0.9680456765040296	0.9677449860436776	0.8054401756147114	0.9024575242718447	0.9041871554164804	0.8884333821376281	0.9205097087378641	0.8844053398058253
MYC3_air_jablock_2h_chipseq_Yin2023	dna_c32_dap	1	32	1	0	dna-dap	1,2,4,5	3	5	0	18	26	41.88360742727915	0.5158159136772156	0.8132507191256685	0.9654727180657589	0.9643228158142261	0.7978809476482426	0.8986090775988287	0.9006337438718164	0.8830011723329425	0.9189848706686189	0.8782332845290386
MYC3_air_jablock_2h_chipseq_Yin2023	dna_c32_dap	1	32	1	0	dna-dap	1,2,3,5	4	5	0	33	41	69.0987354516983	0.20499202609062195	0.8212071244145019	0.9606790255351043	0.9609600930173869	0.7833013105280546	0.8914978514426029	0.8929922809141819	0.8808599581964766	0.905463474524248	0.8775322283609577
MYC3_air_jablock_2h_chipseq_Yin2023	dna_c32_dap	1	32	1	0	dna-dap	1,2,3,4	5	5	0	27	35	54.73850845098495	0.06547186523675919	0.8308754367445139	0.9529818125040264	0.9531926679121416	0.7611431190319145	0.8798328108672937	0.8834616943656263	0.8575644304544561	0.9109717868338558	0.8486938349007315
MYC2_ja_2h_chipseq_Yin2023	dna_c32_atac	1	32	0	1	dna-atac	2,3,4,5	1	5	0	22	30	21.393974900245667	0.8050505518913269	0.8461614126606306	0.9673905074931212	0.9662576424310468	0.8126921609467916	0.9058266569555717	0.9033848912799821	0.9274317275237803	0.8805535324107793	0.9310997815003642
MYC2_ja_2h_chipseq_Yin2023	dna_c32_atac	1	32	0	1	dna-atac	1,3,4,5	2	5	2129	20	28	33.143811988830564	0.9000621438026428	0.8386635606931961	0.9704784218793654	0.970522610080675	0.8206627413242766	0.9101613606628871	0.9088495575221239	0.9223170184104176	0.8957697339729612	0.9245529873528129
MYC2_ja_2h_chipseq_Yin2023	dna_c32_atac	1	32	0	1	dna-atac	1,2,4,5	3	5	2960	29	37	46.01327486832937	0.7755599617958069	0.850320912044577	0.973837884815586	0.9741412325470614	0.8353675791700582	0.9176829268292683	0.917766497461929	0.9168356997971603	0.9186991869918699	0.9166666666666666
MYC2_ja_2h_chipseq_Yin2023	dna_c32_atac	1	32	0	1	dna-atac	1,2,3,5	4	5	2710	16	24	31.503267137209573	0.7952930331230164	0.8551291719977319	0.9721020559206386	0.97068024036489	0.8343860039516521	0.9166043380703066	0.9187613843351549	0.8955965909090909	0.9431563201196709	0.8900523560209425
MYC2_ja_2h_chipseq_Yin2023	dna_c32_atac	1	32	0	1	dna-atac	1,2,3,4	5	5	4094	33	41	51.26205227375031	0.9433440566062927	0.8623544750312716	0.972887155215424	0.9740086765887764	0.8308176380133261	0.9149808638600327	0.9168671478214381	0.8969665271966527	0.9376708583925643	0.8922908693275013
MYC3_air_jablock_2h_chipseq_Yin2023	dna_c32_atac	1	32	0	1	dna-atac	2,3,4,5	1	5	0	24	32	49.7506964802742	0.08496937900781631	0.8724241479125816	0.9835070273505302	0.9842191077620235	0.8707469965321989	0.9352485590778098	0.9360149506095933	0.925065963060686	0.9472262247838616	0.9232708933717579
MYC3_air_jablock_2h_chipseq_Yin2023	dna_c32_atac	1	32	0	1	dna-atac	1,3,4,5	2	5	0	23	31	50.67814611991246	0.6540041565895081	0.8819796427003216	0.9826316117948204	0.9827318963619783	0.8694163558819025	0.9344660194174758	0.9333539031163222	0.9494664155681105	0.9177791262135923	0.9511529126213593
MYC3_air_jablock_2h_chipseq_Yin2023	dna_c32_atac	1	32	0	1	dna-atac	1,2,4,5	3	5	0	20	28	44.82481319109599	0.5029336214065552	0.8709826978226495	0.9833511615493613	0.9836829662011854	0.8683479590620574	0.9341142020497804	0.9335629921259843	0.941439205955335	0.9258174719375305	0.9424109321620303
MYC3_air_jablock_2h_chipseq_Yin2023	dna_c32_atac	1	32	0	1	dna-atac	1,2,3,5	4	5	0	9	17	29.087538794676462	0.31350186467170715	0.8617791807393659	0.9711479435236342	0.9702845378607899	0.817376751338388	0.9069981583793738	0.9110393423370523	0.8731007315700618	0.9524248004910988	0.8615715162676488
MYC3_air_jablock_2h_chipseq_Yin2023	dna_c32_atac	1	32	0	1	dna-atac	1,2,3,4	5	5	0	39	47	74.11735631227494	0.42366835474967957	0.8827591052892555	0.9787570003352081	0.9799406804736839	0.857157070694536	0.9281086729362591	0.9297529099448641	0.9089638650429227	0.9515151515151515	0.9047021943573668
