bin_index	bin_start	bin_end	positive_count	realized_count	realized_noncoding_count	positive_fraction	realized_fraction	fraction_difference_realized_minus_positive
30	0.15	0.155	1	0	0	6.987143656e-05	0	-6.987143656e-05
31	0.155	0.16	1	0	0	6.987143656e-05	0	-6.987143656e-05
33	0.165	0.17	1	0	0	6.987143656e-05	0	-6.987143656e-05
34	0.17	0.175	4	2	2	0.0002794857462	0.0003813155386	0.0001018297924
35	0.175	0.18	9	0	0	0.000628842929	0	-0.000628842929
36	0.18	0.185	14	0	0	0.0009782001118	0	-0.0009782001118
37	0.185	0.19	32	4	4	0.00223588597	0.0007626310772	-0.001473254893
38	0.19	0.195	30	0	0	0.002096143097	0	-0.002096143097
39	0.195	0.2	58	23	23	0.00405254332	0.004385128694	0.0003325853737
40	0.2	0.205	73	2	2	0.005100614869	0.0003813155386	-0.00471929933
41	0.205	0.21	135	47	47	0.009432643935	0.008960915157	-0.0004717287779
42	0.21	0.215	159	31	31	0.01110955841	0.005910390848	-0.005199167564
43	0.215	0.22	167	19	19	0.0116685299	0.003622497617	-0.008046032288
44	0.22	0.225	195	44	44	0.01362493013	0.008388941849	-0.005235988279
45	0.225	0.23	204	44	44	0.01425377306	0.008388941849	-0.005864831208
46	0.23	0.235	244	57	57	0.01704863052	0.01086749285	-0.00618113767
47	0.235	0.24	246	70	70	0.01718837339	0.01334604385	-0.003842329542
48	0.24	0.245	261	73	73	0.01823644494	0.01391801716	-0.004318427782
49	0.245	0.25	299	51	51	0.02089155953	0.009723546235	-0.0111680133
50	0.25	0.255	408	164	164	0.02850754612	0.03126787417	0.002760328051
51	0.255	0.26	405	163	163	0.02829793181	0.0310772164	0.002779284591
52	0.26	0.265	470	189	189	0.03283957518	0.0360343184	0.003194743217
53	0.265	0.27	511	206	206	0.03570430408	0.03927550048	0.003571196396
54	0.27	0.275	612	246	246	0.04276131917	0.04690181125	0.004140492076
55	0.275	0.28	683	275	275	0.04772219117	0.05243088656	0.00470869539
56	0.28	0.285	754	303	303	0.05268306316	0.0577693041	0.005086240935
57	0.285	0.29	794	320	320	0.05547792063	0.06101048618	0.005532565551
58	0.29	0.295	985	396	396	0.06882336501	0.07550047664	0.006677111636
59	0.295	0.3	838	337	337	0.05855226383	0.06425166826	0.005699404421
60	0.3	0.305	842	339	339	0.05883174958	0.06463298379	0.005801234213
61	0.305	0.31	796	320	320	0.0556176635	0.06101048618	0.005392822678
62	0.31	0.315	718	288	288	0.05016769145	0.05490943756	0.004741746112
63	0.315	0.32	602	220	220	0.04206260481	0.04194470925	-0.0001178955603
64	0.32	0.325	572	210	210	0.03996646171	0.04003813155	7.166984341e-05
65	0.325	0.33	456	167	167	0.03186137507	0.03183984747	-2.152759609e-05
66	0.33	0.335	440	161	161	0.03074343208	0.03069590086	-4.7531227e-05
67	0.335	0.34	271	99	99	0.01893515931	0.01887511916	-6.004014577e-05
68	0.34	0.345	224	83	83	0.01565120179	0.01582459485	0.0001733930635
69	0.345	0.35	187	68	68	0.01306595864	0.01296472831	-0.0001012303234
70	0.35	0.355	158	58	58	0.01103968698	0.01105815062	1.846364367e-05
71	0.355	0.36	106	39	39	0.007406372275	0.007435653003	2.928072785e-05
72	0.36	0.365	74	27	27	0.005170486305	0.005147759771	-2.272653399e-05
73	0.365	0.37	71	26	26	0.004960871996	0.004957102002	-3.769993622e-06
74	0.37	0.375	54	20	20	0.003773057574	0.003813155386	4.009781202e-05
75	0.375	0.38	37	13	13	0.002585243153	0.002478551001	-0.0001066921516
76	0.38	0.385	36	14	14	0.002515371716	0.00266920877	0.0001538370542
77	0.385	0.39	25	9	9	0.001746785914	0.001715919924	-3.086599018e-05
78	0.39	0.395	14	5	5	0.0009782001118	0.0009532888465	-2.491126527e-05
79	0.395	0.4	8	3	3	0.0005589714925	0.0005719733079	1.300181546e-05
80	0.4	0.405	4	1	1	0.0002794857462	0.0001906577693	-8.882797692e-05
81	0.405	0.41	6	3	3	0.0004192286193	0.0005719733079	0.0001527446886
82	0.41	0.415	5	2	2	0.0003493571828	0.0003813155386	3.195835582e-05
83	0.415	0.42	3	1	1	0.0002096143097	0.0001906577693	-1.895654037e-05
84	0.42	0.425	1	0	0	6.987143656e-05	0	-6.987143656e-05
85	0.425	0.43	2	1	1	0.0001397428731	0.0001906577693	5.091489619e-05
86	0.43	0.435	3	1	1	0.0002096143097	0.0001906577693	-1.895654037e-05
87	0.435	0.44	1	0	0	6.987143656e-05	0	-6.987143656e-05
91	0.455	0.46	1	0	0	6.987143656e-05	0	-6.987143656e-05
92	0.46	0.465	2	1	1	0.0001397428731	0.0001906577693	5.091489619e-05
