bin_index	bin_start	bin_end	bin_center	positive_count	candidate_pool_count	selected_count	nonoverlapping_capacity_upper_bound	cumulative_capacity_gc_at_most_bin	cumulative_capacity_gc_at_least_bin	supported_negatives_from_low_tail	supported_negatives_from_high_tail	supported_negatives_from_low_tail_strict	supported_negatives_from_high_tail_strict	positive_fraction	candidate_pool_fraction	selected_fraction	candidate_minus_positive_fraction	selected_minus_positive_fraction
0	0	0.005	0.0025	0	0	0	0	NA	NA	NA	NA	NA	NA	0	0	0	0	0
1	0.005	0.01	0.0075	0	0	0	0	NA	NA	NA	NA	NA	NA	0	0	0	0	0
2	0.01	0.015	0.0125	0	0	0	0	NA	NA	NA	NA	NA	NA	0	0	0	0	0
3	0.015	0.02	0.0175	0	0	0	0	NA	NA	NA	NA	NA	NA	0	0	0	0	0
4	0.02	0.025	0.0225	0	0	0	0	NA	NA	NA	NA	NA	NA	0	0	0	0	0
5	0.025	0.03	0.0275	0	0	0	0	NA	NA	NA	NA	NA	NA	0	0	0	0	0
6	0.03	0.035	0.0325	0	0	0	0	NA	NA	NA	NA	NA	NA	0	0	0	0	0
7	0.035	0.04	0.0375	0	0	0	0	NA	NA	NA	NA	NA	NA	0	0	0	0	0
8	0.04	0.045	0.0425	0	0	0	0	NA	NA	NA	NA	NA	NA	0	0	0	0	0
9	0.045	0.05	0.0475	0	0	0	0	NA	NA	NA	NA	NA	NA	0	0	0	0	0
10	0.05	0.055	0.0525	0	0	0	0	NA	NA	NA	NA	NA	NA	0	0	0	0	0
11	0.055	0.06	0.0575	0	0	0	0	NA	NA	NA	NA	NA	NA	0	0	0	0	0
12	0.06	0.065	0.0625	0	0	0	0	NA	NA	NA	NA	NA	NA	0	0	0	0	0
13	0.065	0.07	0.0675	0	0	0	0	NA	NA	NA	NA	NA	NA	0	0	0	0	0
14	0.07	0.075	0.0725	0	0	0	0	NA	NA	NA	NA	NA	NA	0	0	0	0	0
15	0.075	0.08	0.0775	0	0	0	0	NA	NA	NA	NA	NA	NA	0	0	0	0	0
16	0.08	0.085	0.0825	0	0	0	0	NA	NA	NA	NA	NA	NA	0	0	0	0	0
17	0.085	0.09	0.0875	0	0	0	0	NA	NA	NA	NA	NA	NA	0	0	0	0	0
18	0.09	0.095	0.0925	0	0	0	0	NA	NA	NA	NA	NA	NA	0	0	0	0	0
19	0.095	0.1	0.0975	0	0	0	0	NA	NA	NA	NA	NA	NA	0	0	0	0	0
20	0.1	0.105	0.1025	0	0	0	0	NA	NA	NA	NA	NA	NA	0	0	0	0	0
21	0.105	0.11	0.1075	0	0	0	0	NA	NA	NA	NA	NA	NA	0	0	0	0	0
22	0.11	0.115	0.1125	0	0	0	0	NA	NA	NA	NA	NA	NA	0	0	0	0	0
23	0.115	0.12	0.1175	0	0	0	0	NA	NA	NA	NA	NA	NA	0	0	0	0	0
24	0.12	0.125	0.1225	0	0	0	0	NA	NA	NA	NA	NA	NA	0	0	0	0	0
25	0.125	0.13	0.1275	0	0	0	0	NA	NA	NA	NA	NA	NA	0	0	0	0	0
26	0.13	0.135	0.1325	0	0	0	0	NA	NA	NA	NA	NA	NA	0	0	0	0	0
27	0.135	0.14	0.1375	0	0	0	0	NA	NA	NA	NA	NA	NA	0	0	0	0	0
28	0.14	0.145	0.1425	0	0	0	0	NA	NA	NA	NA	NA	NA	0	0	0	0	0
29	0.145	0.15	0.1475	0	0	0	0	NA	NA	NA	NA	NA	NA	0	0	0	0	0
30	0.15	0.155	0.1525	0	0	0	0	NA	NA	NA	NA	NA	NA	0	0	0	0	0
31	0.155	0.16	0.1575	0	0	0	0	NA	NA	NA	NA	NA	NA	0	0	0	0	0
32	0.16	0.165	0.1625	0	0	0	0	NA	NA	NA	NA	NA	NA	0	0	0	0	0
33	0.165	0.17	0.1675	0	0	0	0	NA	NA	NA	NA	NA	NA	0	0	0	0	0
34	0.17	0.175	0.1725	0	0	0	0	NA	NA	NA	NA	NA	NA	0	0	0	0	0
35	0.175	0.18	0.1775	0	0	0	0	NA	NA	NA	NA	NA	NA	0	0	0	0	0
36	0.18	0.185	0.1825	0	0	0	0	NA	NA	NA	NA	NA	NA	0	0	0	0	0
37	0.185	0.19	0.1875	0	0	0	0	NA	NA	NA	NA	NA	NA	0	0	0	0	0
38	0.19	0.195	0.1925	0	0	0	0	NA	NA	NA	NA	NA	NA	0	0	0	0	0
39	0.195	0.2	0.1975	0	0	0	0	NA	NA	NA	NA	NA	NA	0	0	0	0	0
40	0.2	0.205	0.2025	0	0	0	0	NA	NA	NA	NA	NA	NA	0	0	0	0	0
41	0.205	0.21	0.2075	0	0	0	0	NA	NA	NA	NA	NA	NA	0	0	0	0	0
42	0.21	0.215	0.2125	0	17	0	2	NA	NA	NA	NA	NA	NA	0	3.425921205e-06	0	3.425921205e-06	0
43	0.215	0.22	0.2175	0	75	0	4	NA	NA	NA	NA	NA	NA	0	1.511435826e-05	0	1.511435826e-05	0
44	0.22	0.225	0.2225	0	182	0	7	NA	NA	NA	NA	NA	NA	0	3.667750937e-05	0	3.667750937e-05	0
45	0.225	0.23	0.2275	0	208	0	8	NA	NA	NA	NA	NA	NA	0	4.191715357e-05	0	4.191715357e-05	0
46	0.23	0.235	0.2325	2	275	3	14	14	NA	NA	NA	46886	NA	0.000298596596	5.541931361e-05	0.0003809040122	-0.0002431772824	8.230741619e-05
47	0.235	0.24	0.2375	1	477	0	20	20	8778	NA	9341.265181	44653.33333	8780.621864	0.000149298298	9.612731852e-05	0	-5.317097948e-05	-0.000149298298
48	0.24	0.245	0.2425	0	731	0	34	NA	NA	NA	NA	NA	NA	0	0.0001473146118	0	0.0001473146118	0
49	0.245	0.25	0.2475	5	1062	5	39	39	8778	NA	9342.749542	32652.75	8781.933383	0.00074649149	0.0002140193129	0.0006348400203	-0.0005324721771	-0.0001116514697
50	0.25	0.255	0.2525	1	1912	0	62	62	8778	NA	9350.178432	46141.77778	8788.496861	0.000149298298	0.0003853153732	0	0.0002360170752	-0.000149298298
51	0.255	0.26	0.2575	3	2508	0	89	89	8778	NA	9351.665628	49676.83333	8789.810734	0.000447894894	0.0005054241401	0	5.752924613e-05	-0.000447894894
52	0.26	0.265	0.2625	9	4623	1	127	127	8778	NA	9356.130055	40506.95238	8793.754711	0.001343684682	0.000931649043	0.0001269680041	-0.000412035639	-0.001216716678
53	0.265	0.27	0.2675	13	6456	1	167	168	8777	NA	9368.481559	33096	8804.604763	0.001940877874	0.001301043959	0.0001269680041	-0.0006398339152	-0.00181390987
54	0.27	0.275	0.2725	23	8306	3	224	226	8775	NA	9385.791074	26556.98246	8819.770408	0.003433860854	0.001673864796	0.0003809040122	-0.001759996058	-0.003052956842
55	0.275	0.28	0.2775	31	10297	2	286	290	8772	NA	9417.17037	22072.95455	8847.290468	0.004628247238	0.002075100626	0.0002539360081	-0.002553146612	-0.00437431123
56	0.28	0.285	0.2825	45	14405	11	376	382	8768	NA	9459.878997	19237.86466	8884.729803	0.00671842341	0.002902964409	0.001396648045	-0.003815459001	-0.005321775365
57	0.285	0.29	0.2875	51	19405	2	477	488	8760	NA	9520.255974	17764.26087	8937.468393	0.007614213198	0.003910588293	0.0002539360081	-0.003703624905	-0.00736027719
58	0.29	0.295	0.2925	99	30818	130	616	631	8753	NA	9592.022735	14934.40989	9000.244704	0.0147805315	0.00621059057	0.01650584053	-0.008569940932	0.001725309026
59	0.295	0.3	0.2975	106	34412	139	751	779	8735	NA	9729.895628	13413.21851	9120.347623	0.01582561959	0.006934870618	0.01764855256	-0.00889074897	0.001822932977
60	0.3	0.305	0.3025	139	40635	182	919	956	8722	50771.39232	9889.752705	12127.43939	9259.780631	0.02075246342	0.008188959304	0.02310817674	-0.01256350412	0.002355713318
61	0.305	0.31	0.3075	170	50130	223	1137	1197	8696	27075.19249	10097.88423	11486.39828	9440.163371	0.02538071066	0.01010243706	0.02831386491	-0.0152782736	0.002933154246
62	0.31	0.315	0.3125	165	63050	16	1343	1432	8663	20800.52047	10365.04648	11114.17845	9670.795667	0.02463421917	0.01270613718	0.002031488065	-0.01192808199	-0.0226027311
63	0.315	0.32	0.3175	243	72391	318	1533	1661	8616	15800.4005	10621.88356	10059.11212	9890.311568	0.03627948641	0.01458858011	0.04037582529	-0.0216909063	0.004096338878
64	0.32	0.325	0.3225	238	84319	178	1741	1907	8572	13557.81217	11062.41397	9503.784226	10267.39199	0.03553299492	0.01699236765	0.02260030472	-0.01854062727	-0.0129326902
65	0.325	0.33	0.3275	277	93641	363	1968	2189	8515	12026.64381	11516.98061	9044.985811	10652.4972	0.04135562855	0.01887098162	0.04608938547	-0.02248464692	0.004733756929
66	0.33	0.335	0.3325	380	134625	498	2246	2545	8430	10659.86918	12077.5809	8518.945527	11121.55604	0.05673335324	0.02713027307	0.06323006602	-0.02960308017	0.006496712784
67	0.335	0.34	0.3375	327	130964	429	2471	2882	8315	10022.03186	12966.77858	8291.939863	11857.32808	0.04882054345	0.02639249086	0.05446927374	-0.02242805258	0.005648730297
68	0.34	0.345	0.3425	336	146928	440	2725	3257	8188	9643.779287	13820.95904	8188.958709	12549.93684	0.05016422813	0.0296096324	0.05586592179	-0.02055459573	0.00570169366
69	0.345	0.35	0.3475	358	166589	469	2976	3649	8039	9328.199472	14824.73652	8087.690933	13347.84879	0.05344879068	0.03357181104	0.05954799391	-0.01987697965	0.006099203222
70	0.35	0.355	0.3525	348	190722	456	3241	4096	7855	9243.227363	16069.2919	8140.951929	14312.51088	0.0519558077	0.03843520847	0.05789740985	-0.01352059923	0.005941602149
71	0.355	0.36	0.3575	343	214332	449	3453	4529	7623	9161.625673	17449.33701	8170.008618	15342.20373	0.05120931621	0.04319320845	0.05700863382	-0.00801610776	0.00579931761
72	0.36	0.365	0.3625	338	236329	443	3675	4977	7387	9135.338383	19154.40475	8229.06591	16575.5866	0.05046282472	0.04762614897	0.0562468258	-0.002836675755	0.005784001076
73	0.365	0.37	0.3675	325	252742	219	3768	5413	7045	9123.094924	21017.76742	8285.25457	17826.75104	0.04852194685	0.05093377513	0.02780599289	0.00241182828	-0.02071595396
74	0.37	0.375	0.3725	322	264604	275	3865	5890	6654	9182.988371	23211.30554	8397.449979	19194.01034	0.04807405196	0.05332426203	0.03491620112	0.005250210076	-0.01315785084
75	0.375	0.38	0.3775	352	331301	461	4006	6440	6241	9280.121856	26157.12087	8541.607921	20901.109	0.0525530009	0.06676536007	0.05853224987	0.01421235917	0.005979248977
76	0.38	0.385	0.3825	255	272951	334	3834	6833	5676	9334.349149	30508.97827	8627.226013	23069.08252	0.03807106599	0.05500638934	0.04240731336	0.01693532335	0.004336247367
77	0.385	0.39	0.3875	203	267036	266	3661	7161	5184	9393.507791	35033.52974	8708.12963	24926.36899	0.03030755449	0.05381437029	0.03377348908	0.02350681579	0.003465934587
78	0.39	0.395	0.3925	212	249476	278	3486	7457	4709	9391.850127	40020.40552	8731.990559	26504.94286	0.03165123918	0.05027559521	0.03529710513	0.01862435603	0.003645865954
79	0.395	0.4	0.3975	190	230298	249	3175	7692	4178	9353.648069	48573.63744	8717.6	28613.74642	0.02836667662	0.04641075304	0.03161503301	0.01804407642	0.003248356392
80	0.4	0.405	0.4025	157	206930	206	2880	7899	3678	9339.167043	63802.04082	8720.537663	31263	0.02343983279	0.04170152206	0.02615540884	0.01826168927	0.002715576051
81	0.405	0.41	0.4075	134	180743	176	2541	8068	3174	9318.562816	92787.41271	8714.636994	33691.68304	0.02000597193	0.03642419273	0.02234636872	0.0164182208	0.002340396783
82	0.41	0.415	0.4125	114	154458	149	2222	8205	2726	9294.093473	191954.878	8702.627078	36737.92354	0.01702000597	0.03112711397	0.01891823261	0.014107108	0.001898226633
83	0.415	0.42	0.4175	94	164154	123	1958	8348	2336	9308.105049	NA	8724.435013	40852.55352	0.01403404001	0.03308109821	0.0156170645	0.01904705819	0.001583024488
84	0.42	0.425	0.4225	56	115223	73	1609	8435	1907	9318.243742	NA	8738.999227	44197.52941	0.008360704688	0.02322028935	0.009268664297	0.01485958467	0.0009079596086
85	0.425	0.43	0.4275	47	88742	62	1351	8499	1590	9316.724058	NA	8741.753993	45707.38197	0.007017020006	0.01788371174	0.007872016252	0.01086669173	0.0008549962459
86	0.43	0.435	0.4325	41	74346	54	1125	8551	1320	9311.247057	NA	8740.210285	47534.19355	0.006121230218	0.01498256105	0.006856272219	0.008861330835	0.0007350420014
87	0.435	0.44	0.4375	26	65198	34	927	8589	1091	9313.259577	NA	8744.356589	50396.67586	0.003881755748	0.0131390124	0.004316912138	0.009257256648	0.0004351563902
88	0.44	0.445	0.4425	25	51496	33	770	8621	904	9310.277454	NA	8743.70957	50882.28571	0.00373245745	0.0103777199	0.004189944134	0.006645262454	0.0004574866841
89	0.445	0.45	0.4475	19	42216	25	629	8658	729	9321.679055	NA	8756.044693	51945.12766	0.002836667662	0.008507569976	0.003174200102	0.005670902314	0.0003375324396
90	0.45	0.455	0.4525	19	35364	25	517	8672	609	9308.323558	NA	8745.115327	54387.76	0.002836667662	0.007126722206	0.003174200102	0.004290054544	0.0003375324396
91	0.455	0.46	0.4575	13	33330	17	426	8695	495	9313.608247	NA	8751.181067	59205.53571	0.001940877874	0.00671682081	0.002158456069	0.004775942936	0.0002175781951
92	0.46	0.465	0.4625	8	23375	10	348	8718	398	9326.312864	NA	8763.794687	61995.44186	0.001194386384	0.004710641657	0.001269680041	0.003516255273	7.529365663e-05
93	0.465	0.47	0.4675	9	18727	12	284	8725	325	9320.403756	NA	8759.0003	62195.71429	0.001343684682	0.003773954494	0.001523616049	0.002430269813	0.0001799313668
94	0.47	0.475	0.4725	8	15037	10	218	8739	250	9323.463393	NA	8762.548204	64403.84615	0.001194386384	0.003030328068	0.001269680041	0.001835941684	7.529365663e-05
95	0.475	0.48	0.4775	4	10641	5	177	8743	205	9321.791688	NA	8761.312687	76282.77778	0.000597193192	0.00214442515	0.0006348400203	0.001547231958	3.764682832e-05
96	0.48	0.485	0.4825	3	8086	4	140	8751	162	9325.867764	NA	8765.395245	77505.42857	0.000447894894	0.001629529345	0.0005078720163	0.001181634451	5.997712225e-05
97	0.485	0.49	0.4875	1	8061	1	110	8758	126	9331.842854	NA	8771.095096	76722.54545	0.000149298298	0.001624491226	0.0001269680041	0.001475192928	-2.233029394e-05
98	0.49	0.495	0.4925	0	6608	0	89	NA	NA	NA	NA	NA	NA	0	0.001331675725	0	0.001331675725	0
99	0.495	0.5	0.4975	5	5082	7	72	8763	83	9329.749552	NA	8769.546392	55593.4	0.00074649149	0.001024148916	0.0008887760284	0.0002776574255	0.0001422845384
100	0.5	0.505	0.5025	1	5052	1	55	8766	64	9331.460303	NA	8771.238124	85734.4	0.000149298298	0.001018103172	0.0001269680041	0.0008688048742	-2.233029394e-05
101	0.505	0.51	0.5075	0	2923	0	43	NA	NA	NA	NA	NA	NA	0	0.0005890569225	0	0.0005890569225	0
102	0.51	0.515	0.5125	2	2544	3	31	8770	39	9332.751838	NA	8772.619474	65305.5	0.000298596596	0.0005126790321	0.0003809040122	0.0002140824361	8.230741619e-05
103	0.515	0.52	0.5175	0	1397	0	28	NA	NA	NA	NA	NA	NA	0	0.0002815301131	0	0.0002815301131	0
104	0.52	0.525	0.5225	0	1247	0	21	NA	NA	NA	NA	NA	NA	0	0.0002513013966	0	0.0002513013966	0
105	0.525	0.53	0.5275	2	767	3	17	NA	24	NA	NA	NA	80376	0.000298596596	0.0001545695038	0.0003809040122	-0.0001440270922	8.230741619e-05
106	0.53	0.535	0.5325	0	700	0	15	NA	NA	NA	NA	NA	NA	0	0.0001410673437	0	0.0001410673437	0
107	0.535	0.54	0.5375	0	701	0	16	NA	NA	NA	NA	NA	NA	0	0.0001412688685	0	0.0001412688685	0
108	0.54	0.545	0.5425	0	910	0	16	NA	NA	NA	NA	NA	NA	0	0.0001833875469	0	0.0001833875469	0
109	0.545	0.55	0.5475	0	826	0	13	NA	NA	NA	NA	NA	NA	0	0.0001664594656	0	0.0001664594656	0
110	0.55	0.555	0.5525	0	722	0	7	NA	NA	NA	NA	NA	NA	0	0.0001455008888	0	0.0001455008888	0
111	0.555	0.56	0.5575	0	698	0	6	NA	NA	NA	NA	NA	NA	0	0.0001406642942	0	0.0001406642942	0
112	0.56	0.565	0.5625	0	706	0	6	NA	NA	NA	NA	NA	NA	0	0.0001422764924	0	0.0001422764924	0
113	0.565	0.57	0.5675	0	688	0	6	NA	NA	NA	NA	NA	NA	0	0.0001386490464	0	0.0001386490464	0
114	0.57	0.575	0.5725	0	856	0	6	NA	NA	NA	NA	NA	NA	0	0.0001725052089	0	0.0001725052089	0
115	0.575	0.58	0.5775	0	1129	0	6	NA	NA	NA	NA	NA	NA	0	0.000227521473	0	0.000227521473	0
116	0.58	0.585	0.5825	0	1589	0	5	NA	NA	NA	NA	NA	NA	0	0.0003202228703	0	0.0003202228703	0
117	0.585	0.59	0.5875	0	907	0	5	NA	NA	NA	NA	NA	NA	0	0.0001827829725	0	0.0001827829725	0
118	0.59	0.595	0.5925	0	300	0	4	NA	NA	NA	NA	NA	NA	0	6.045743303e-05	0	6.045743303e-05	0
119	0.595	0.6	0.5975	0	318	0	3	NA	NA	NA	NA	NA	NA	0	6.408487901e-05	0	6.408487901e-05	0
120	0.6	0.605	0.6025	0	98	0	1	NA	NA	NA	NA	NA	NA	0	1.974942812e-05	0	1.974942812e-05	0
121	0.605	0.61	0.6075	0	42	0	1	NA	NA	NA	NA	NA	NA	0	8.464040624e-06	0	8.464040624e-06	0
122	0.61	0.615	0.6125	0	0	0	0	NA	NA	NA	NA	NA	NA	0	0	0	0	0
123	0.615	0.62	0.6175	0	0	0	0	NA	NA	NA	NA	NA	NA	0	0	0	0	0
124	0.62	0.625	0.6225	0	0	0	0	NA	NA	NA	NA	NA	NA	0	0	0	0	0
125	0.625	0.63	0.6275	0	0	0	0	NA	NA	NA	NA	NA	NA	0	0	0	0	0
126	0.63	0.635	0.6325	0	0	0	0	NA	NA	NA	NA	NA	NA	0	0	0	0	0
127	0.635	0.64	0.6375	0	0	0	0	NA	NA	NA	NA	NA	NA	0	0	0	0	0
128	0.64	0.645	0.6425	0	0	0	0	NA	NA	NA	NA	NA	NA	0	0	0	0	0
129	0.645	0.65	0.6475	0	0	0	0	NA	NA	NA	NA	NA	NA	0	0	0	0	0
130	0.65	0.655	0.6525	0	0	0	0	NA	NA	NA	NA	NA	NA	0	0	0	0	0
131	0.655	0.66	0.6575	0	0	0	0	NA	NA	NA	NA	NA	NA	0	0	0	0	0
132	0.66	0.665	0.6625	0	0	0	0	NA	NA	NA	NA	NA	NA	0	0	0	0	0
133	0.665	0.67	0.6675	0	0	0	0	NA	NA	NA	NA	NA	NA	0	0	0	0	0
134	0.67	0.675	0.6725	0	0	0	0	NA	NA	NA	NA	NA	NA	0	0	0	0	0
135	0.675	0.68	0.6775	0	0	0	0	NA	NA	NA	NA	NA	NA	0	0	0	0	0
136	0.68	0.685	0.6825	0	0	0	0	NA	NA	NA	NA	NA	NA	0	0	0	0	0
137	0.685	0.69	0.6875	0	0	0	0	NA	NA	NA	NA	NA	NA	0	0	0	0	0
138	0.69	0.695	0.6925	0	0	0	0	NA	NA	NA	NA	NA	NA	0	0	0	0	0
139	0.695	0.7	0.6975	0	0	0	0	NA	NA	NA	NA	NA	NA	0	0	0	0	0
140	0.7	0.705	0.7025	0	0	0	0	NA	NA	NA	NA	NA	NA	0	0	0	0	0
141	0.705	0.71	0.7075	0	0	0	0	NA	NA	NA	NA	NA	NA	0	0	0	0	0
142	0.71	0.715	0.7125	0	0	0	0	NA	NA	NA	NA	NA	NA	0	0	0	0	0
143	0.715	0.72	0.7175	0	0	0	0	NA	NA	NA	NA	NA	NA	0	0	0	0	0
144	0.72	0.725	0.7225	0	0	0	0	NA	NA	NA	NA	NA	NA	0	0	0	0	0
145	0.725	0.73	0.7275	0	0	0	0	NA	NA	NA	NA	NA	NA	0	0	0	0	0
146	0.73	0.735	0.7325	0	0	0	0	NA	NA	NA	NA	NA	NA	0	0	0	0	0
147	0.735	0.74	0.7375	0	0	0	0	NA	NA	NA	NA	NA	NA	0	0	0	0	0
148	0.74	0.745	0.7425	0	0	0	0	NA	NA	NA	NA	NA	NA	0	0	0	0	0
149	0.745	0.75	0.7475	0	0	0	0	NA	NA	NA	NA	NA	NA	0	0	0	0	0
150	0.75	0.755	0.7525	0	0	0	0	NA	NA	NA	NA	NA	NA	0	0	0	0	0
151	0.755	0.76	0.7575	0	0	0	0	NA	NA	NA	NA	NA	NA	0	0	0	0	0
152	0.76	0.765	0.7625	0	0	0	0	NA	NA	NA	NA	NA	NA	0	0	0	0	0
153	0.765	0.77	0.7675	0	0	0	0	NA	NA	NA	NA	NA	NA	0	0	0	0	0
154	0.77	0.775	0.7725	0	0	0	0	NA	NA	NA	NA	NA	NA	0	0	0	0	0
155	0.775	0.78	0.7775	0	0	0	0	NA	NA	NA	NA	NA	NA	0	0	0	0	0
156	0.78	0.785	0.7825	0	0	0	0	NA	NA	NA	NA	NA	NA	0	0	0	0	0
157	0.785	0.79	0.7875	0	0	0	0	NA	NA	NA	NA	NA	NA	0	0	0	0	0
158	0.79	0.795	0.7925	0	0	0	0	NA	NA	NA	NA	NA	NA	0	0	0	0	0
159	0.795	0.8	0.7975	0	0	0	0	NA	NA	NA	NA	NA	NA	0	0	0	0	0
160	0.8	0.805	0.8025	0	0	0	0	NA	NA	NA	NA	NA	NA	0	0	0	0	0
161	0.805	0.81	0.8075	0	0	0	0	NA	NA	NA	NA	NA	NA	0	0	0	0	0
162	0.81	0.815	0.8125	0	0	0	0	NA	NA	NA	NA	NA	NA	0	0	0	0	0
163	0.815	0.82	0.8175	0	0	0	0	NA	NA	NA	NA	NA	NA	0	0	0	0	0
164	0.82	0.825	0.8225	0	0	0	0	NA	NA	NA	NA	NA	NA	0	0	0	0	0
165	0.825	0.83	0.8275	0	0	0	0	NA	NA	NA	NA	NA	NA	0	0	0	0	0
166	0.83	0.835	0.8325	0	0	0	0	NA	NA	NA	NA	NA	NA	0	0	0	0	0
167	0.835	0.84	0.8375	0	0	0	0	NA	NA	NA	NA	NA	NA	0	0	0	0	0
168	0.84	0.845	0.8425	0	0	0	0	NA	NA	NA	NA	NA	NA	0	0	0	0	0
169	0.845	0.85	0.8475	0	0	0	0	NA	NA	NA	NA	NA	NA	0	0	0	0	0
170	0.85	0.855	0.8525	0	0	0	0	NA	NA	NA	NA	NA	NA	0	0	0	0	0
171	0.855	0.86	0.8575	0	0	0	0	NA	NA	NA	NA	NA	NA	0	0	0	0	0
172	0.86	0.865	0.8625	0	0	0	0	NA	NA	NA	NA	NA	NA	0	0	0	0	0
173	0.865	0.87	0.8675	0	0	0	0	NA	NA	NA	NA	NA	NA	0	0	0	0	0
174	0.87	0.875	0.8725	0	0	0	0	NA	NA	NA	NA	NA	NA	0	0	0	0	0
175	0.875	0.88	0.8775	0	0	0	0	NA	NA	NA	NA	NA	NA	0	0	0	0	0
176	0.88	0.885	0.8825	0	0	0	0	NA	NA	NA	NA	NA	NA	0	0	0	0	0
177	0.885	0.89	0.8875	0	0	0	0	NA	NA	NA	NA	NA	NA	0	0	0	0	0
178	0.89	0.895	0.8925	0	0	0	0	NA	NA	NA	NA	NA	NA	0	0	0	0	0
179	0.895	0.9	0.8975	0	0	0	0	NA	NA	NA	NA	NA	NA	0	0	0	0	0
180	0.9	0.905	0.9025	0	0	0	0	NA	NA	NA	NA	NA	NA	0	0	0	0	0
181	0.905	0.91	0.9075	0	0	0	0	NA	NA	NA	NA	NA	NA	0	0	0	0	0
182	0.91	0.915	0.9125	0	0	0	0	NA	NA	NA	NA	NA	NA	0	0	0	0	0
183	0.915	0.92	0.9175	0	0	0	0	NA	NA	NA	NA	NA	NA	0	0	0	0	0
184	0.92	0.925	0.9225	0	0	0	0	NA	NA	NA	NA	NA	NA	0	0	0	0	0
185	0.925	0.93	0.9275	0	0	0	0	NA	NA	NA	NA	NA	NA	0	0	0	0	0
186	0.93	0.935	0.9325	0	0	0	0	NA	NA	NA	NA	NA	NA	0	0	0	0	0
187	0.935	0.94	0.9375	0	0	0	0	NA	NA	NA	NA	NA	NA	0	0	0	0	0
188	0.94	0.945	0.9425	0	0	0	0	NA	NA	NA	NA	NA	NA	0	0	0	0	0
189	0.945	0.95	0.9475	0	0	0	0	NA	NA	NA	NA	NA	NA	0	0	0	0	0
190	0.95	0.955	0.9525	0	0	0	0	NA	NA	NA	NA	NA	NA	0	0	0	0	0
191	0.955	0.96	0.9575	0	0	0	0	NA	NA	NA	NA	NA	NA	0	0	0	0	0
192	0.96	0.965	0.9625	0	0	0	0	NA	NA	NA	NA	NA	NA	0	0	0	0	0
193	0.965	0.97	0.9675	0	0	0	0	NA	NA	NA	NA	NA	NA	0	0	0	0	0
194	0.97	0.975	0.9725	0	0	0	0	NA	NA	NA	NA	NA	NA	0	0	0	0	0
195	0.975	0.98	0.9775	0	0	0	0	NA	NA	NA	NA	NA	NA	0	0	0	0	0
196	0.98	0.985	0.9825	0	0	0	0	NA	NA	NA	NA	NA	NA	0	0	0	0	0
197	0.985	0.99	0.9875	0	0	0	0	NA	NA	NA	NA	NA	NA	0	0	0	0	0
198	0.99	0.995	0.9925	0	0	0	0	NA	NA	NA	NA	NA	NA	0	0	0	0	0
199	0.995	1	0.9975	0	0	0	0	NA	NA	NA	NA	NA	NA	0	0	0	0	0
